condition_source_value,count,ratio,# of rows
Encounter for other aftercare and medical care,1187572,2.45%,48430792
Long term (current) drug therapy,1004521,2.07%,
Essential (primary) hypertension,930715,1.92%,
"Other joint disorder, not elsewhere classified",840275,1.74%,
Type 2 diabetes mellitus,752841,1.55%,
Dorsalgia,616699,1.27%,
Encounter for other postprocedural aftercare,547102,1.13%,
Secondary malignant neoplasm of resp and digestive organs,526870,1.09%,
Malignant neoplasm of breast,517690,1.07%,
Disorders of lipoprotein metabolism and other lipidemias,508725,1.05%,
"Oth and unsp soft tissue disorders, not elsewhere classified",483426,1.00%,
Secondary malignant neoplasm of other and unspecified sites,480279,0.99%,
Personal history of malignant neoplasm,476201,0.98%,
Personal history of other diseases and conditions,456118,0.94%,
Myeloid leukemia,450471,0.93%,
"Other disorders of fluid, electrolyte and acid-base balance",445655,0.92%,
"Pain, not elsewhere classified",423875,0.88%,
Encounter for immunization,422905,0.87%,
Transplanted organ and tissue status,391834,0.81%,
Chronic ischemic heart disease,385239,0.80%,
Atrial fibrillation and flutter,363425,0.75%,
Chronic kidney disease (CKD),358562,0.74%,
"Encntr for oth sp exam w/o complaint, suspected or reprtd dx",354212,0.73%,
Sleep disorders,353690,0.73%,
Gastro-esophageal reflux disease,335525,0.69%,
Multiple myeloma and malignant plasma cell neoplasms,334174,0.69%,
Encounter for screening for malignant neoplasms,330920,0.68%,
Abdominal and pelvic pain,322853,0.67%,
Personal history of certain other diseases,315814,0.65%,
Disorders of mineral metabolism,303589,0.63%,
"Major depressive disorder, single episode",302494,0.62%,
Other anxiety disorders,291462,0.60%,
Heart failure,289648,0.60%,
Other anemias,279275,0.58%,
Occupant of pk-up/van injured in collision w statnry object Occupant of pick-up,276368,0.57%,
Abnormalities of breathing,263947,0.54%,
Malignant neoplasm of bronchus and lung,263513,0.54%,
Family history of primary malignant neoplasm,256873,0.53%,
Lymphoid leukemia,253578,0.52%,
Overweight and obesity,240420,0.50%,
Other postprocedural states,238699,0.49%,
Nausea and vomiting,238615,0.49%,
Malignant neoplasm of prostate,234916,0.49%,
Complications of transplanted organs and tissue,234812,0.48%,
Malaise and fatigue,229323,0.47%,
Other hypothyroidism,214910,0.44%,
Purpura and other hemorrhagic conditions,207775,0.43%,
Nicotine dependence,202857,0.42%,
Secondary and unspecified malignant neoplasm of lymph nodes,200861,0.41%,
Oth and unspecified types of non-Hodgkin lymphoma Other,199902,0.41%,
Myelodysplastic syndromes,193576,0.40%,
Pain in throat and chest,192071,0.40%,
Oth symptoms and signs involving the dgstv sys and abdomen,184188,0.38%,
Presence of cardiac and vascular implants and grafts,179121,0.37%,
Abnormalities of heart beat,176905,0.37%,
Body mass index [BMI],175351,0.36%,
Other respiratory disorders,173105,0.36%,
Other functional intestinal disorders,168048,0.35%,
Alcohol related disorders,164514,0.34%,
"Encntr for general exam w/o complaint, susp or reprtd dx",163359,0.34%,
"Oth disorders involving the immune mechanism, NEC Other",162827,0.34%,
"Acquired absence of organs, not elsewhere classified",161915,0.33%,
Bus occupant injured in collision with pedestrian or animal,159353,0.33%,
Abnormal findings on diagnostic imaging of lung,159293,0.33%,
Estrogen receptor status,150942,0.31%,
Allergy status to drug/meds/biol subst Allergy status,149717,0.31%,
Asthma,149510,0.31%,
Oth aplastic anemias and other bone marrow failure syndromes,147302,0.30%,
Abnormalities of gait and mobility,146244,0.30%,
Non-follicular lymphoma,145990,0.30%,
Cough,144723,0.30%,
"Reaction to severe stress, and adjustment disorders",144432,0.30%,
Acute kidney failure,143587,0.30%,
Headache,142454,0.29%,
Other disorders of urinary system,140689,0.29%,
Car occupant injured in collision w 2/3-whl mv Car occupant,140286,0.29%,
Oth maternal diseases classd elsw but compl preg/chldbrth Other maternal,138683,0.29%,
Supervision of high risk pregnancy,134215,0.28%,
"Personal risk factors, not elsewhere classified",134165,0.28%,
Cardiomyopathy,132069,0.27%,
Other diseases of liver,130190,0.27%,
"Major depressive disorder, recurrent",129499,0.27%,
Other disorders of muscle,129287,0.27%,
Malignant neoplasm of colon,128841,0.27%,
Other chronic obstructive pulmonary disease,128612,0.27%,
Chronic viral hepatitis,127170,0.26%,
Malignant neoplasm of other connective and soft tissue,124795,0.26%,
Neutropenia,124340,0.26%,
Pedal cycle rider injured in collision w nonmtr vehicle Pedal,122255,0.25%,
Other and unspecified osteoarthritis,120471,0.25%,
Volume depletion,118915,0.25%,
Oth symptoms and signs w cognitive functions and awareness,117890,0.24%,
Other venous embolism and thrombosis,117531,0.24%,
"Edema, not elsewhere classified",115138,0.24%,
Symptoms and signs concerning food and fluid intake,112939,0.23%,
Encounter for follow-up examination after completed treatment for conditions other than malignant neoplasm,112919,0.23%,
Personal history of medical treatment,109492,0.23%,
Malignant neoplasm of brain,108500,0.22%,
Aphagia and dysphagia,104945,0.22%,
Cellulitis and acute lymphangitis,104272,0.22%,
Hypertensive chronic kidney disease,103690,0.21%,
Iron deficiency anemia,102360,0.21%,
Encounter for screening for infec/parastc diseases Encounter,102271,0.21%,
Glaucoma,101487,0.21%,
Pedal cycle rider injured in collision w hv veh Pedal cycle,101044,0.21%,
Malignant neoplasm of pancreas,100967,0.21%,
Other disorders of white blood cells,99702,0.21%,
Malignant neoplasm of liver and intrahepatic bile ducts,99595,0.21%,
Epilepsy and recurrent seizures,99448,0.21%,
Fibrosis and cirrhosis of liver,97784,0.20%,
Other disorders of cartilage,97663,0.20%,
Type 1 diabetes mellitus,97658,0.20%,
Presence of other functional implants,97341,0.20%,
Migraine,96668,0.20%,
Weeks of gestation,96516,0.20%,
Dizziness and giddiness,94850,0.20%,
Rash and other nonspecific skin eruption,94472,0.20%,
Vitamin D deficiency,93836,0.19%,
Human immunodeficiency virus [HIV] disease,93545,0.19%,
Occupant of pk-up/van injured in nonclsn transport accident Occupant of,92330,0.19%,
"Oth neoplm of uncrt behav of lymphoid, hematpoetc & rel tiss",92140,0.19%,
"Oth disorders of kidney and ureter, not elsewhere classified",91182,0.19%,
Disturbances of skin sensation,91145,0.19%,
Bipolar disorder,90329,0.19%,
Pedal cycle rider injured in collision w ped/anml Pedal,90122,0.19%,
"Non-pressure chronic ulcer of lower limb, NEC Non-pressure",89667,0.19%,
Opioid related disorders,89538,0.18%,
Other interstitial pulmonary diseases,88268,0.18%,
Other general symptoms and signs,87781,0.18%,
Osteoporosis without current pathological fracture,87372,0.18%,
Hypotension,86837,0.18%,
Conductive and sensorineural hearing loss,84127,0.17%,
Unspecified viral hepatitis,83546,0.17%,
Orthopedic aftercare,82960,0.17%,
Encounter for adjustment and management of implanted device,81599,0.17%,
"Car occupant injured pick-up truck, pick-up truck or van Car",80721,0.17%,
Occ off-road veh injured transp acc Occupant of special all-terrain,79169,0.16%,
Fracture of shoulder and upper arm,79136,0.16%,
Anemia in chronic diseases classified elsewhere,78794,0.16%,
Benign prostatic hyperplasia,78454,0.16%,
Nonrheumatic aortic valve disorders,78225,0.16%,
Crohn's disease [regional enteritis],77732,0.16%,
Other retinal disorders,77652,0.16%,
Fam hx of certain disabil & chr dis (leading to disablement),77027,0.16%,
Other diseases of intestine,76488,0.16%,
Intracranial injury,76482,0.16%,
"Respiratory failure, not elsewhere classified",76450,0.16%,
Multiple sclerosis,76140,0.16%,
Fever of other and unknown origin,76060,0.16%,
"Localized swelling, mass and lump of skin, subcu Localized",74604,0.15%,
"Fracture of foot and toe, except ankle",74396,0.15%,
Hodgkin lymphoma,74019,0.15%,
Other abnormal findings of blood chemistry,73626,0.15%,
Age-related cataract,73423,0.15%,
Malignant neoplasm of ovary,72951,0.15%,
Abnormal results of function studies,72919,0.15%,
"Thoracic, thoracolum, and lumbosacral intvrt disc disorders",72577,0.15%,
Other pulmonary heart diseases,72403,0.15%,
Fracture at wrist and hand level,71623,0.15%,
Encounter for screening for other diseases and disorders,70357,0.15%,
Motorcycle rider injured in collision w 2/3-whl mv Motorcycle rider,70236,0.15%,
"Fracture of lower leg, including ankle",69350,0.14%,
Other disorders of brain,68749,0.14%,
Osteoarthritis of knee,68267,0.14%,
Vasomotor and allergic rhinitis,68218,0.14%,
Disorders of lacrimal system,68009,0.14%,
Enlarged lymph nodes,67531,0.14%,
"Diseases of vocal cords and larynx, not elsewhere classified",66360,0.14%,
Asymptomatic human immunodeficiency virus [HIV] infection status,66164,0.14%,
"Persons encntr health serv for oth cnsl and med advice, NEC Persons",63887,0.13%,
Elevated blood glucose level,63776,0.13%,
Other coagulation defects,63704,0.13%,
Other and unspecified polyneuropathies,63549,0.13%,
Malignant neoplasm of bladder,63124,0.13%,
Complications of cardiac and vascular prosth dev/grft Complications of,63095,0.13%,
Sequelae of cerebrovascular disease,62642,0.13%,
Acute posthemorrhagic anemia,62026,0.13%,
Paroxysmal tachycardia,61682,0.13%,
Visual disturbances,61568,0.13%,
"Malignant neoplasm of kidney, except renal pelvis",61329,0.13%,
"Dependence on enabling machines and devices, NEC Dependence",60495,0.12%,
Oth symptoms and signs involving the nervous and ms systems,60467,0.12%,
Other sepsis,60080,0.12%,
Voice and resonance disorders,60049,0.12%,
"Oth disorders of skin, subcu, not elsewhere classified Other",59790,0.12%,
Malignant neoplasm of rectum,59436,0.12%,
Other cardiac arrhythmias,59333,0.12%,
Other diseases of stomach and duodenum,58217,0.12%,
Other spondylopathies,57659,0.12%,
Cytomegaloviral disease,55994,0.12%,
Hereditary and idiopathic neuropathy,55617,0.11%,
"Complications of procedures, not elsewhere classified",55092,0.11%,
Other disorders of bone density and structure,55070,0.11%,
Oth bacterial agents as the cause of diseases classd elswhr,54947,0.11%,
Do not resuscitate,54883,0.11%,
Ascites,54741,0.11%,
Gout,54184,0.11%,
Melanoma in situ,53948,0.11%,
Encounter for procreative management,53883,0.11%,
Aortic aneurysm and dissection,53542,0.11%,
Oth symptoms and signs involving the circ and resp sys,53376,0.11%,
Fracture of lumbar spine and pelvis,53324,0.11%,
Abnormal serum enzyme levels,53272,0.11%,
Other and unspecified malignant neoplasm of skin,53099,0.11%,
Other cataract,52737,0.11%,
Hemorrhoids and perianal venous thrombosis,52593,0.11%,
Follicular lymphoma,52146,0.11%,
Retention of urine,51653,0.11%,
Calculus of kidney and ureter,51176,0.11%,
Other and unspecified disorders of nose and nasal sinuses,51071,0.11%,
Other and unsp diseases of blood and blood-forming organs,50893,0.11%,
Candidiasis,50723,0.10%,
Hematuria,50662,0.10%,
Cannabis related disorders,50641,0.10%,
Polyuria,50558,0.10%,
Fracture of forearm,50544,0.10%,
Psoriasis,50526,0.10%,
Other peripheral vascular diseases,50444,0.10%,
Pulmonary embolism,50425,0.10%,
Fracture of skull and facial bones,50135,0.10%,
Schizophrenia,49956,0.10%,
Mature T/NK-cell lymphomas,49845,0.10%,
Chronic sinusitis,48937,0.10%,
Disorders of refraction and accommodation,48555,0.10%,
Cerebral infarction,48542,0.10%,
Malignant neoplasm without specification of site,48407,0.10%,
Unspecified protein-calorie malnutrition,48360,0.10%,
Problems related to housing and economic circumstances,48143,0.10%,
Pleural effusion in conditions classified elsewhere,47892,0.10%,
Gastritis and duodenitis,47821,0.10%,
icd10code not in the json file,47768,0.10%,
Unspecified lump in breast,47716,0.10%,
"Pneumonia, unspecified organism",46926,0.10%,
Symptoms and signs involving emotional state,46838,0.10%,
"Strep as the cause of diseases classified elsewhere Streptococcus, Staphylococcus,",46796,0.10%,
Abnormal involuntary movements,46701,0.10%,
Encounter for fitting and adjustment of other devices,46660,0.10%,
Malignant neoplasm of stomach,46639,0.10%,
Other diseases of esophagus,46531,0.10%,
Malignant neoplasm of corpus uteri,46496,0.10%,
Maternal care for known or suspected fetal abnlt and damage,46431,0.10%,
Other rheumatoid arthritis,46264,0.10%,
Other cerebrovascular diseases,45326,0.09%,
Problems related to care provider dependency,44805,0.09%,
Acute upper resp infections of multiple and unsp sites,44681,0.09%,
Motorcycle rider injured in collision w pedestrian or animal,44643,0.09%,
Diverticular disease of intestine,44561,0.09%,
Malignant neoplasm of thyroid gland,44319,0.09%,
Other specific joint derangements,44215,0.09%,
Encounter for supervision of normal pregnancy,43961,0.09%,
Symp and signs specifically assoc w sys inflam and infct,43830,0.09%,
"Convulsions, not elsewhere classified",43766,0.09%,
Spondylosis,43664,0.09%,
Other nontoxic goiter,43625,0.09%,
Mononeuropathies of upper limb,43610,0.09%,
Osteomyelitis,43609,0.09%,
Dermatophytosis,43472,0.09%,
Pruritus,43284,0.09%,
"Pain, unspecified",43207,0.09%,
Problems related to lifestyle,43195,0.09%,
Encounter for contraceptive management,43174,0.09%,
Other diseases of anus and rectum,43067,0.09%,
Other and unspecified hearing loss,42539,0.09%,
Obstructive and reflux uropathy,42333,0.09%,
Alcoholic liver disease,42130,0.09%,
Dislocation and sprain of joints and ligaments of knee,42105,0.09%,
Neoplasm of uncertain behavior of other and unsp sites,41993,0.09%,
Pressure ulcer,41961,0.09%,
Atrioventricular and left bundle-branch block,41770,0.09%,
Other specified diabetes mellitus,41698,0.09%,
Nonrheumatic mitral valve disorders,41409,0.09%,
Other acquired deformities of limbs,41266,0.09%,
Syncope and collapse,41240,0.09%,
Shoulder lesions,41041,0.08%,
Other and unspecified injuries of head,40815,0.08%,
Other diseases of digestive system,40092,0.08%,
Malignant neoplasm of esophagus,39965,0.08%,
Other specified health status,39546,0.08%,
Schizoaffective disorders,39279,0.08%,
"Neuromuscular dysfunction of bladder, NEC Neuromuscular",39111,0.08%,
Paraplegia (paraparesis) and quadriplegia (quadriparesis),39077,0.08%,
Neoplasms of unspecified behavior,38781,0.08%,
Other stimulant related disorders,38620,0.08%,
Oth and unsp symptoms and signs involving the GU sys,38273,0.08%,
"Excessive, frequent and irregular menstruation",38272,0.08%,
Pain associated with micturition,37712,0.08%,
Atherosclerosis,37618,0.08%,
"Diabetes in pregnancy, childbirth, and the puerperium Diabetes",37370,0.08%,
Acquired absence of limb,37320,0.08%,
Open wound of head,37218,0.08%,
Other extrapyramidal and movement disorders,37136,0.08%,
Malignant melanoma of skin,36705,0.08%,
Other psychoactive substance related disorders,36656,0.08%,
Pedestrian injured in collision with other nonmotor vehicle,36651,0.08%,
Other disorders of breast,36608,0.08%,
Complications of internal orthopedic prosth dev/grft Complications of,36519,0.08%,
Leiomyoma of uterus,36503,0.08%,
Maternal care for other fetal problems,36232,0.07%,
Diaphragmatic hernia,36225,0.07%,
Persons encountering health services in other circumstances,36138,0.07%,
"Speech disturbances, not elsewhere classified",35743,0.07%,
Unspecified contact dermatitis,35582,0.07%,
Pedal cycle rider injured in collision w rail trn/veh Pedal cycle,35547,0.07%,
Mononeuropathies of lower limb,35370,0.07%,
"Other disorders of ear, not elsewhere classified",35358,0.07%,
Acute myocardial infarction,34588,0.07%,
Occupant of hv veh injured in collision w ped/anml Occupant of,34575,0.07%,
Other disorders of veins,34530,0.07%,
Abnormal findings in specimens from female genital organs,34441,0.07%,
Other diseases of lip and oral mucosa,34309,0.07%,
Skin changes due to chronic expsr to nonionizing radiation,34269,0.07%,
Complications and ill-defined descriptions of heart disease,34170,0.07%,
Abnormal findings on diagnostic imaging of body structures Abnormal,34142,0.07%,
Carcinoma in situ of breast,34031,0.07%,
Menopausal and other perimenopausal disorders,33964,0.07%,
Car occupant injured in collision w rail trn/veh Car occupant,33954,0.07%,
Pain and oth cond assoc w fem gntl org and menstrual cycle,33918,0.07%,
Other disorders of adrenal gland,33911,0.07%,
"Find of drugs and oth substnc, not normally found in blood",33783,0.07%,
Sickle-cell disorders,33779,0.07%,
Family history of other specific disorders,33482,0.07%,
"Hepatic failure, not elsewhere classified",33335,0.07%,
Cocaine related disorders,33169,0.07%,
Maternal care for abnormality of pelvic organs,33106,0.07%,
Stomatitis and related lesions,32788,0.07%,
"Benign neoplasm of colon, rectum, anus and anal canal",32712,0.07%,
Genetic susceptibility to disease,32224,0.07%,
"Shock, not elsewhere classified",32203,0.07%,
Specific personality disorders,32054,0.07%,
Other and unspecified arthropathy,31944,0.07%,
Secondary hypertension,31615,0.07%,
Seborrheic keratosis,31583,0.07%,
Pedal cycle rider injured in collision w statnry object Pedal,31562,0.07%,
Thyrotoxicosis [hyperthyroidism],31405,0.06%,
Attention-deficit hyperactivity disorders,31367,0.06%,
Unspecified urinary incontinence,31029,0.06%,
Other and unsp noninfective gastroenteritis and colitis,30867,0.06%,
Donors of organs and tissues,30790,0.06%,
Pre-existing hypertension compl preg/chldbrth Pre-existing hypertension,30613,0.06%,
Cystic fibrosis,30532,0.06%,
"Fracture of rib(s), sternum and thoracic spine",30416,0.06%,
Other diseases of biliary tract,30346,0.06%,
Hemorrhage from respiratory passages,30177,0.06%,
Congenital malformations of cardiac septa,29996,0.06%,
Bus occupant injured in collision with oth nonmotor vehicle,29704,0.06%,
Other benign neoplasms of skin,29492,0.06%,
Cholelithiasis,29363,0.06%,
Other disorders of eyelid,29238,0.06%,
Systemic lupus erythematosus (SLE),29143,0.06%,
Occupant of hv veh injured in collision w statnry object Occupant of,29019,0.06%,
Osteoarthritis of hip,28929,0.06%,
Other diseases of pancreas,28787,0.06%,
Atrophic disorders of skin,28476,0.06%,
"Pleural effusion, not elsewhere classified",28339,0.06%,
Abnormal and inconclusive findings on dx imaging of breast,28264,0.06%,
Deficiency of other B group vitamins,28212,0.06%,
Benign mammary dysplasia,28210,0.06%,
Male erectile dysfunction,28089,0.06%,
Pedal cycle rider injured in noncollision transport accident,28051,0.06%,
Viral agents as the cause of diseases classified elsewhere,27925,0.06%,
"Oth & unsp injuries of abd, low back, pelv & extrn genitals",27852,0.06%,
Disorders of vitreous body,27817,0.06%,
Sarcoidosis,27363,0.06%,
Other conduction disorders,27250,0.06%,
"Somnolence, stupor and coma",27202,0.06%,
"Primarily systemic and hematological agents, NEC Poisoning by, adverse effect of",26886,0.06%,
Unspecified psychosis not due to a substance or known physiological condition,26618,0.05%,
Synovitis and tenosynovitis,26578,0.05%,
Other specified and unspecified injuries of neck,26561,0.05%,
Other disorders of arteries and arterioles,26361,0.05%,
Malignant neoplasm of other and ill-defined sites,26287,0.05%,
Acne,26258,0.05%,
Other and unspecified metabolic disorders,26223,0.05%,
Other systemic involvement of connective tissue,26190,0.05%,
Encntr for proc for purposes oth than remedying health state,26110,0.05%,
Acquired deformities of fingers and toes,25774,0.05%,
Other abnormal immunological findings in serum,25562,0.05%,
Immunodeficiency with predominantly antibody defects,25426,0.05%,
Scoliosis,25418,0.05%,
Other deforming dorsopathies,25343,0.05%,
Ulcerative colitis,25290,0.05%,
"Open wound of wrist, hand and fingers",25289,0.05%,
Gingivitis and periodontal diseases,25016,0.05%,
Other headache syndromes,24785,0.05%,
"Hepatomegaly and splenomegaly, not elsewhere classified",24671,0.05%,
Malignant neoplasm of cervix uteri,24645,0.05%,
Paralytic ileus and intestinal obstruction without hernia,24644,0.05%,
Liveborn infants according to place of birth and type of del,24585,0.05%,
"Occls and stenosis of precerb art, not rslt in cereb infrc",24543,0.05%,
Unspecified mood [affective] disorder,24543,0.05%,
Other inflammation of eyelid,24508,0.05%,
Other inflammatory liver diseases,24447,0.05%,
Emphysema,24305,0.05%,
Oth noninfective disorders of lymphatic vessels and nodes Other,24240,0.05%,
Encntr for preg test and chldbrth and childcare instruction,24189,0.05%,
Fracture of femur,23829,0.05%,
Testicular dysfunction,23612,0.05%,
Malignant neoplasm of base of tongue,23599,0.05%,
Occupant of hv veh injured in collision w nonmtr vehicle Occupant,23418,0.05%,
Other enthesopathies,23321,0.05%,
Fibroblastic disorders,23239,0.05%,
Nail disorders,23235,0.05%,
Female infertility,23223,0.05%,
Blindness and low vision,23111,0.05%,
Occupant of hv veh injured in collision w rail trn/veh Occupant of,23085,0.05%,
Other diseases of pericardium,23084,0.05%,
Malignant neoplasm of bone/artic cartl of and unsp sites Malignant neoplasm,22914,0.05%,
Parkinson's disease,22875,0.05%,
Aspergillosis,22864,0.05%,
Carrier of infectious disease,22768,0.05%,
Other disorders of eye and adnexa,22713,0.05%,
Other and unspecified dermatitis,22634,0.05%,
Benign neoplasm of meninges,22588,0.05%,
Herpesviral [herpes simplex] infections,22377,0.05%,
Bus occupant injured in collision w hv veh Bus occupant,22309,0.05%,
"Abnormal blood-pressure reading, without diagnosis",22216,0.05%,
Hemiplegia and hemiparesis,22204,0.05%,
Disloc and sprain of joints and ligaments of shoulder girdle,22151,0.05%,
Encounter for antenatal screening of mother,21978,0.05%,
Amyloidosis,21951,0.05%,
Acute pharyngitis,21852,0.05%,
Female genital prolapse,21784,0.04%,
Proteinuria,21615,0.04%,
Ventral hernia,21610,0.04%,
Pregnant state,21583,0.04%,
Iridocyclitis,21519,0.04%,
"Enthesopathies, lower limb, excluding foot",21513,0.04%,
"Cutaneous abscess, furuncle and carbuncle",21462,0.04%,
"Noninflammatory disord of ovary, fallop and broad ligament Noninflammatory",21414,0.04%,
Disorder of continuity of bone,21404,0.04%,
Other disorders of bladder,21391,0.04%,
Other bacterial intestinal infections,21024,0.04%,
Persistent mood [affective] disorders,20956,0.04%,
Malignant neoplasm of rectosigmoid junction,20951,0.04%,
Encounter for follow-up examination after completed treatment for malignant neoplasm,20919,0.04%,
Zoster [herpes zoster],20918,0.04%,
Malignant neoplasm of testis,20910,0.04%,
"Other and unspecified injuries of wrist, hand and finger(s)",20633,0.04%,
Flatulence and related conditions,20297,0.04%,
"Disord of NB related to short gest and low birth weight, NEC Disorders",20050,0.04%,
"Postproc endocrine and metabolic comp and disorders, NEC Postprocedural",20013,0.04%,
Cervical disc disorders,19942,0.04%,
Lack of expected normal physiol dev in childhood and adults,19917,0.04%,
Malignant neoplasm of tonsil,19842,0.04%,
Maternal care for oth conditions predom related to pregnancy,19769,0.04%,
Benign neoplasm of other and unspecified endocrine glands,19535,0.04%,
Other lack of coordination,19459,0.04%,
Varicose veins of lower extremities,19424,0.04%,
Abnormal tumor markers,19136,0.04%,
Inguinal hernia,19099,0.04%,
"Oth degenerative diseases of nervous system, NEC Other",19084,0.04%,
Unspecified severe protein-calorie malnutrition,19077,0.04%,
Other erythematous conditions,18980,0.04%,
"Intraop and postproc comp and disorders of resp sys, NEC Intraoperative",18765,0.04%,
Malignant neoplasm of other and unspecified parts of tongue,18666,0.04%,
Other skin changes,18662,0.04%,
Conjunctivitis,18648,0.04%,
Burn and corrosion of wrist and hand,18641,0.04%,
Other disorders of teeth and supporting structures,18634,0.04%,
Pneumonitis due to solids and liquids,18584,0.04%,
"Other and unspecified dorsopathies, not elsewhere classified",18478,0.04%,
Melanocytic nevi,18436,0.04%,
Other and unspecified injuries of ankle and foot,18365,0.04%,
Malignant neoplasm of anus and anal canal,18245,0.04%,
"Intraop and postproc comp and disorders of circ sys, NEC Intraoperative",18210,0.04%,
Other inflammation of vagina and vulva,18175,0.04%,
Other abnormal uterine and vaginal bleeding,18151,0.04%,
Other disorders of bone,17979,0.04%,
Artificial opening status,17842,0.04%,
Malignant neoplasm of larynx,17772,0.04%,
Other noninflammatory disorders of vagina,17771,0.04%,
Complications of internal prosth dev/grft Complications of,17767,0.04%,
"Intraop and postproc comp and disorders of GU sys, NEC Intraoperative",17760,0.04%,
Irritable bowel syndrome,17649,0.04%,
Other local infections of skin and subcutaneous tissue,17643,0.04%,
Cystitis,17641,0.04%,
Other follicular disorders,17555,0.04%,
Ovarian dysfunction,17464,0.04%,
Unspecified dementia,17428,0.04%,
Car occupant injured in collision w hv veh Car occupant,17395,0.04%,
Retinal detachments and breaks,17389,0.04%,
Other mental disorders due to known physiological condition,17364,0.04%,
Esophagitis,17312,0.04%,
Other mononeuropathies,17288,0.04%,
"Intraop and postproc comp and disorders of dgstv sys, NEC Intraoperative",17272,0.04%,
Phobic anxiety disorders,17268,0.04%,
Malig immunoproliferative dis and certain oth B-cell lymph,17254,0.04%,
Acquired hemolytic anemia,17135,0.04%,
Malignant neoplasm of retroperitoneum and peritoneum,17111,0.04%,
Other disorders of external ear,16991,0.04%,
Esophageal varices,16874,0.03%,
Heartburn,16796,0.03%,
Inhalant related disorders,16743,0.03%,
Atopic dermatitis,16661,0.03%,
Keratitis,16447,0.03%,
Hydrocephalus,16440,0.03%,
Other disorders of synovium and tendon,16378,0.03%,
Motorcycle rider injured in collision w statnry object Motorcycle,16338,0.03%,
Dental caries,16289,0.03%,
Disorders of vestibular function,16234,0.03%,
"Diuretics and oth and unsp drug/meds/biol subst Poisoning by, adverse effect of and",16193,0.03%,
Hypertrophic disorders of skin,16150,0.03%,
Congenital malformations of aortic and mitral valves,16104,0.03%,
Other epidermal thickening,16087,0.03%,
Osteonecrosis,16030,0.03%,
Other disorders of pigmentation,15911,0.03%,
Seborrheic dermatitis,15766,0.03%,
Dermatitis due to substances taken internally,15604,0.03%,
Other disorders of cornea,15480,0.03%,
Injury of eye and orbit,15450,0.03%,
Other and unspecified injuries of shoulder and upper arm,15447,0.03%,
"Hormones and their synthetic substitutes and antag, NEC Poisoning by, adverse effect of",15410,0.03%,
Occupant of special construct vehicle injured in trnsp acc,15288,0.03%,
Suppurative and unspecified otitis media,15272,0.03%,
Viral warts,15186,0.03%,
Other and unspecified injuries of thorax,15128,0.03%,
"Disloc & sprain of joints & ligaments at ankl, ft & toe lev",15126,0.03%,
Other inflammatory spondylopathies,15121,0.03%,
"Open wound of ankle, foot and toes",14998,0.03%,
Angina pectoris,14987,0.03%,
Hyperparathyroidism and other disorders of parathyroid gland,14966,0.03%,
Urticaria,14819,0.03%,
Hypofunction and other disorders of the pituitary gland,14790,0.03%,
"Motorcycle rider injured pick-up truck, pick-up truck or van Motorcycle",14763,0.03%,
Secondary neuroendocrine tumors,14736,0.03%,
Functional dyspepsia,14615,0.03%,
Dementia in other diseases classified elsewhere,14529,0.03%,
Other immunodeficiencies,14479,0.03%,
Alzheimer's disease,14449,0.03%,
Pervasive developmental disorders,14302,0.03%,
Bronchiectasis,14295,0.03%,
Dislocation and sprain of joints and ligaments at wrs/hnd lv Dislocation,14274,0.03%,
Sleep disorders not due to a substance or known physiol cond,14235,0.03%,
Follicular cysts of skin and subcutaneous tissue,14114,0.03%,
Multiple gestation,14098,0.03%,
Other disorders of penis,14065,0.03%,
Other and unspecified diseases of spinal cord,13975,0.03%,
Phlebitis and thrombophlebitis,13899,0.03%,
Otalgia and effusion of ear,13858,0.03%,
Benign neoplasm of brain and oth prt central nervous system Benign,13750,0.03%,
Rheumatoid arthritis with rheumatoid factor,13741,0.03%,
Outcome of delivery,13724,0.03%,
Other and unspecified abnormal findings in urine,13705,0.03%,
Polycythemia vera,13699,0.03%,
Osteoarthritis of first carpometacarpal joint,13691,0.03%,
Hypertensive heart and chronic kidney disease,13588,0.03%,
Pulmonary edema,13572,0.03%,
Congenital malformations of great arteries,13497,0.03%,
Disorders resulting from impaired renal tubular function,13488,0.03%,
Cardiac murmurs and other cardiac sounds,13485,0.03%,
Malignant neoplasm of other and unsp female genital organs,13451,0.03%,
Fecal incontinence,13295,0.03%,
Polyosteoarthritis,13211,0.03%,
Hypertensive heart disease,13191,0.03%,
Malignant neuroendocrine tumors,13038,0.03%,
"Narcotics and psychodysleptics Poisoning by, adverse effect of",13024,0.03%,
Rosacea,12973,0.03%,
Nontraumatic intracerebral hemorrhage,12963,0.03%,
Systemic sclerosis [scleroderma],12915,0.03%,
"Bacterial pneumonia, not elsewhere classified",12837,0.03%,
Abnormality in fetal heart rate and rhythm complicating labor and delivery,12810,0.03%,
Diseases of salivary glands,12801,0.03%,
Cerebral palsy,12648,0.03%,
Peritonitis,12642,0.03%,
Contact w and (suspected) exposure to communicable diseases,12640,0.03%,
Injury of other and unspecified intrathoracic organs,12545,0.03%,
Rheumatic tricuspid valve diseases,12460,0.03%,
Unspecified jaundice,12441,0.03%,
Perineal laceration during delivery,12437,0.03%,
"Comp following infusion, transfusion and theraputc injection",12424,0.03%,
Other disorders of conjunctiva,12319,0.03%,
Fracture of cervical vertebra and other parts of neck,12310,0.03%,
"Hemangioma and lymphangioma, any site",12231,0.03%,
Hyperfunction of pituitary gland,12204,0.03%,
Delirium due to known physiological condition,12175,0.03%,
"Inj lower spinl cord and nrv at abd, low back and pelv level Injury of",12174,0.03%,
Merkel cell carcinoma,12163,0.03%,
Occupant of hv veh injured in collision w 2/3-whl mv Occupant of,12064,0.02%,
Injury of nerves and spinal cord at neck level,12051,0.02%,
"Injury of muscle, fascia and tendon at shldr/up arm Injury of",12000,0.02%,
Superficial injury of head,11905,0.02%,
Other and unspecified myopathies,11885,0.02%,
Malignant neoplasm of bone and articular cartilage of limbs,11865,0.02%,
Pneumothorax and air leak,11858,0.02%,
Other congenital malformations of heart,11794,0.02%,
Urethral stricture,11752,0.02%,
Primary disorders of muscles,11713,0.02%,
Toxic encephalopathy,11698,0.02%,
Benign lipomatous neoplasm,11684,0.02%,
Complications of genitourinary prosth dev/grft Complications of,11667,0.02%,
Umbilical hernia,11552,0.02%,
Resistance to antimicrobial drugs,11549,0.02%,
Disorders of porphyrin and bilirubin metabolism,11531,0.02%,
Neonatal jaundice from other and unspecified causes,11518,0.02%,
Arterial embolism and thrombosis,11517,0.02%,
Occupant of powered streetcar injured in transport accident,11512,0.02%,
Cachexia,11449,0.02%,
Cardiac arrest,11440,0.02%,
Other disorders of peritoneum,11433,0.02%,
Disorders of globe,11380,0.02%,
Dystonia,11331,0.02%,
Cystic kidney disease,11276,0.02%,
Other necrotizing vasculopathies,11275,0.02%,
Disorders of autonomic nervous system,11153,0.02%,
Malignant neoplasm of parotid gland,11146,0.02%,
Oth acquired deformities of ms sys and connective tissue,11075,0.02%,
Other aneurysm,11067,0.02%,
Diseases of pulp and periapical tissues,11041,0.02%,
Leukemia of unspecified cell type,11035,0.02%,
Thyroiditis,11023,0.02%,
Malignant neoplasm of nasopharynx,10994,0.02%,
"Other noninflammatory disorders of uterus, except cervix",10864,0.02%,
Unspecified nephritic syndrome,10862,0.02%,
Transepidermal elimination disorders,10833,0.02%,
Superficial injury of neck,10833,0.02%,
Thalassemia,10762,0.02%,
Matern infec/parastc dis classd elsw but compl preg/chldbrth Maternal infectious and,10750,0.02%,
"Superficial injury of ankle, foot and toes",10642,0.02%,
Injury of unspecified body region,10604,0.02%,
"Superficial injury of wrist, hand and fingers",10546,0.02%,
Disturbances of smell and taste,10538,0.02%,
Motorcycle rider injured in collision w hv veh Motorcycle rider,10528,0.02%,
Generalized hyperhidrosis,10463,0.02%,
Superficial injury of knee and lower leg,10459,0.02%,
"Injury of muscle, fascia and tendon at wrist and hand level",10412,0.02%,
"Burn and corrosion of shldr/up lmb, except wrist and hand Burn",10375,0.02%,
Feeding problems of newborn,10365,0.02%,
Glomerular disorders in diseases classified elsewhere,10341,0.02%,
"Injury of muscle, fascia and tendon at lower leg level",10312,0.02%,
Dysplasia of cervix uteri,10255,0.02%,
Other nonscarring hair loss,10179,0.02%,
"Dyslexia and oth symbolic dysfunctions, NEC Dyslexia",10179,0.02%,
Endometriosis,10145,0.02%,
Internal derangement of knee,10142,0.02%,
Unspecified maternal hypertension,10129,0.02%,
Congenital malformations of cardiac chambers and connections,10093,0.02%,
Otitis externa,10081,0.02%,
Bus occupant injured in collision with pedal cycle,10071,0.02%,
"Phakomatoses, not elsewhere classified",10031,0.02%,
Car occupant injured in collision with oth nonmotor vehicle,10026,0.02%,
Acute sinusitis,10014,0.02%,
Monocytic leukemia,9989,0.02%,
Viral infection of unspecified site,9969,0.02%,
Gastric ulcer,9925,0.02%,
Malignant neoplasm of other and unsp parts of biliary tract,9920,0.02%,
Spinal muscular atrophy and related syndromes,9898,0.02%,
Other disorders of optic [2nd] nerve and visual pathways,9866,0.02%,
Facial nerve disorders,9864,0.02%,
"Burn and corrosion of lower limb, except ankle and foot",9800,0.02%,
"Oth complications of surgical and medical care, NEC Other",9768,0.02%,
Occupant of hv veh injured in nonclsn transport accident Occupant,9689,0.02%,
Other and unspecified nontraumatic intracranial hemorrhage,9665,0.02%,
"Burn and corrosion of head, face, and neck",9577,0.02%,
Other nutritional anemias,9532,0.02%,
Disorders of trigeminal nerve,9472,0.02%,
Dislocation and sprain of joints and ligaments at neck level,9274,0.02%,
Injury of intra-abdominal organs,9220,0.02%,
Intestinal malabsorption,9217,0.02%,
"Absent, scanty and rare menstruation",9202,0.02%,
"Opn wnd abdomen, lower back, pelvis and external genitals Open",9189,0.02%,
Presence of other devices,9179,0.02%,
Other and unspecified injuries of hip and thigh,9115,0.02%,
Other congenital malformations of skin,9078,0.02%,
Disorder of patella,8951,0.02%,
"Adverse effects, not elsewhere classified",8932,0.02%,
Portal vein thrombosis,8909,0.02%,
"Soft tissue disorders related to use, overuse and pressure",8877,0.02%,
Other strabismus,8851,0.02%,
Malignant neoplasm of accessory sinuses,8816,0.02%,
"Bronchitis, not specified as acute or chronic",8727,0.02%,
Burn and corrosion of trunk,8493,0.02%,
"Chronic rhinitis, nasopharyngitis and pharyngitis",8475,0.02%,
Inflammatory polyneuropathy,8461,0.02%,
Occupant of pk-up/van injured in oth and unsp transport acc Occupant of,8459,0.02%,
Personality & behavrl disorders due to known physiol cond,8445,0.02%,
Complications of artificial openings of the digestive system,8434,0.02%,
Malignant neoplasm of eye and adnexa,8425,0.02%,
Hypertrophy of breast,8384,0.02%,
Diseases of tongue,8326,0.02%,
Fissure and fistula of anal and rectal regions,8285,0.02%,
Dentofacial anomalies [including malocclusion],8264,0.02%,
Lichen simplex chronicus and prurigo,8251,0.02%,
Anogenital herpesviral [herpes simplex] infections,8245,0.02%,
Bus occupant injured in collision w statnry object Bus,8234,0.02%,
Rheumatic mitral valve diseases,8231,0.02%,
Deficiency of other nutrient elements,8202,0.02%,
Oth respiratory conditions origin in the perinatal period,8173,0.02%,
Disorders of orbit,8121,0.02%,
"Certain early complications of trauma, NEC Certain",8077,0.02%,
Pedal cycle rider injured in collision with oth pedal cycle,8053,0.02%,
Nerve root and plexus disorders,8051,0.02%,
Preterm labor,8048,0.02%,
Nontraumatic subarachnoid hemorrhage,8046,0.02%,
Other disorders of iris and ciliary body,8022,0.02%,
Polyp of female genital tract,7995,0.02%,
Encntr for medical obs for susp diseases and cond ruled out,7977,0.02%,
Corns and callosities,7924,0.02%,
Injury of muscle and tendon at ankle and foot level,7920,0.02%,
Motorcycle rider injured in collision w rail trn/veh Motorcycle rider,7900,0.02%,
"Malignant neoplasm of uterus, part unspecified",7880,0.02%,
Unspecified kidney failure,7850,0.02%,
Occupant of pk-up/van injured in collision w rail trn/veh Occupant of pick-up,7781,0.02%,
Other disorders of central nervous system,7779,0.02%,
Other congenital malformations of circulatory system,7763,0.02%,
Varicose veins of other sites,7750,0.02%,
Problems related to other psychosocial circumstances,7690,0.02%,
Malignant neoplasm of small intestine,7682,0.02%,
Unspecified multiple injuries,7667,0.02%,
Multiple valve diseases,7643,0.02%,
Diabetes mellitus due to underlying condition,7627,0.02%,
Malignant neoplasm of oropharynx,7602,0.02%,
Excessive vomiting in pregnancy,7542,0.02%,
Acute pancreatitis,7510,0.02%,
Open wound of knee and lower leg,7496,0.02%,
Chronic nephritic syndrome,7469,0.02%,
Other bursopathies,7443,0.02%,
"Intraop and postproc comp and disorders of ms sys, NEC Intraoperative",7412,0.02%,
Benign neoplasm of breast,7388,0.02%,
Other benign neoplasms of connective and other soft tissue,7387,0.02%,
Kyphosis and lordosis,7375,0.02%,
Paralytic strabismus,7336,0.02%,
Vascular disorders of intestine,7335,0.02%,
Other disorders of amniotic fluid and membranes,7321,0.02%,
"Injury of muscle, fascia and tendon at hip and thigh level",7231,0.01%,
Other disorders of pancreatic internal secretion,7194,0.01%,
Other and unspecified disorders of male genital organs,7151,0.01%,
Other pleural conditions,7123,0.01%,
Pedestrian injured in collision w hv veh Pedestrian injured,7099,0.01%,
"Infectious gastroenteritis and colitis, unspecified",7096,0.01%,
Maternal care for malpresentation of fetus,7087,0.01%,
Malignant neoplasm of other and unspecified parts of mouth,7040,0.01%,
Occupant of hv veh injured in collision w hv veh Occupant of,7014,0.01%,
Traumatic amputation of lower leg,6920,0.01%,
Ankylosing spondylitis,6907,0.01%,
Other specified types of T/NK-cell lymphoma,6896,0.01%,
Corrosions classified accord extent body involv Corrosions classified,6867,0.01%,
Myasthenia gravis and other myoneural disorders,6841,0.01%,
Other leukemias of specified cell type,6838,0.01%,
"Superfic inj abdomen, low back, pelvis and external genitals Superficial",6830,0.01%,
Other and unspecified disorders of Eustachian tube,6820,0.01%,
Abnormal findings on diagnostic imaging of cnsl Abnormal,6773,0.01%,
Perforation of tympanic membrane,6766,0.01%,
Oth symptoms and signs w general sensations and perceptions,6700,0.01%,
Somatoform disorders,6699,0.01%,
Encounter for attention to artificial openings,6696,0.01%,
Other noninflammatory disorders of vulva and perineum,6680,0.01%,
"Tubulo-interstitial nephritis, not specified as acute or chronic",6604,0.01%,
Other localized connective tissue disorders,6604,0.01%,
Acute and subacute endocarditis,6573,0.01%,
Other and unspecified disorders of circulatory system,6484,0.01%,
Chorioretinal inflammation,6480,0.01%,
Unspecified mycosis,6476,0.01%,
Oth dis with lymphoreticular and reticulohistiocytic tissue Other specified,6460,0.01%,
Other paralytic syndromes,6429,0.01%,
Oth congenital malform syndromes affecting multiple systems Other,6426,0.01%,
"Intraop and postproc comp and disorders of nervous sys, NEC Intraoperative",6413,0.01%,
Other disorders of thyroid,6411,0.01%,
Retinal vascular occlusions,6380,0.01%,
Labor and delivery complicated by umbilical cord comp,6379,0.01%,
Conduct disorders,6348,0.01%,
Chronic diseases of tonsils and adenoids,6328,0.01%,
"Traumatic amputation of wrist, hand and fingers",6324,0.01%,
Congenital malformations of pulmonary and tricuspid valves,6317,0.01%,
"Oth predominantly sexually transmitted diseases, NEC Other",6261,0.01%,
Pedl cyc rider injured in oth and unsp transport accidents,6238,0.01%,
Encounter for maternal postpartum care and examination,6222,0.01%,
"Malignant neoplasm of heart, mediastinum and pleura",6199,0.01%,
"Complications of the puerperium, not elsewhere classified",6188,0.01%,
Immunization not carried out and underimmunization status,6162,0.01%,
Corneal scars and opacities,6123,0.01%,
Unspecified disorder of psychological development,6115,0.01%,
Hordeolum and chalazion,6102,0.01%,
Cardiomyopathy in diseases classified elsewhere,6086,0.01%,
Duodenal ulcer,6071,0.01%,
Oth contact w and (suspected) exposures hazardous to health,6070,0.01%,
"Illness, unspecified",6048,0.01%,
Other diseases of upper respiratory tract,5998,0.01%,
Chronic gout,5996,0.01%,
Disloc & sprain of joints & ligaments of lumbar spin & pelv,5987,0.01%,
Open wound of elbow and forearm,5954,0.01%,
Occupant of rail trn/veh injured in transport accident Occupant of,5952,0.01%,
Other perinatal hematological disorders,5927,0.01%,
Superficial injury of thorax,5859,0.01%,
Vitiligo,5826,0.01%,
"Oth & unsp malig neoplm of lymphoid, hematpoetc and rel tiss",5816,0.01%,
Carcinoma in situ of cervix uteri,5810,0.01%,
Diseases of spleen,5805,0.01%,
Inflammatory diseases of prostate,5793,0.01%,
Male infertility,5784,0.01%,
Other disorders of choroid,5729,0.01%,
Nonsuppurative otitis media,5687,0.01%,
Other congenital malformations of peripheral vascular system,5669,0.01%,
Abscess of anal and rectal regions,5650,0.01%,
Other acute ischemic heart diseases,5648,0.01%,
Other diseases of hard tissues of teeth,5625,0.01%,
Benign neoplasm of bone and articular cartilage,5618,0.01%,
Late pregnancy,5616,0.01%,
Diseases of capillaries,5587,0.01%,
Family history of mental and behavioral disorders,5584,0.01%,
Neoplasm of uncertain behavior of endocrine glands,5582,0.01%,
Common variable immunodeficiency,5554,0.01%,
Superficial injury of hip and thigh,5538,0.01%,
Respiratory distress of newborn,5536,0.01%,
Delusional disorders,5505,0.01%,
Vitamin B12 deficiency anemia,5503,0.01%,
Benign neoplasm of and ill-defined parts of digestive system Benign,5498,0.01%,
"Burn and corrosion, body region unspecified",5497,0.01%,
Malignant neoplasm of nasal cavity and middle ear,5496,0.01%,
Transient cerebral ischemic attacks and related syndromes,5488,0.01%,
Encounter for administrative examination,5472,0.01%,
Burn and corrosion of ankle and foot,5469,0.01%,
Benign neoplasm of eye and adnexa,5466,0.01%,
"Congenital malformations of musculoskeletal system, NEC Congenital",5457,0.01%,
Family history of other conditions,5396,0.01%,
Burns classified accord extent body involv Burns classified,5366,0.01%,
Malignant neoplasm of gallbladder,5365,0.01%,
Obsessive-compulsive disorder,5360,0.01%,
Malignant neoplasm of palate,5357,0.01%,
Eating disorders,5310,0.01%,
Neoplasm of uncrt behavior of oral cavity and dgstv organs,5288,0.01%,
Malignant neoplasm of floor of mouth,5245,0.01%,
Dermatopolymyositis,5243,0.01%,
Abnormal findings on antenatal screening of mother,5243,0.01%,
Car occupant injured in other and unsp transport accidents,5234,0.01%,
Other and unspecified injuries of lower leg,5229,0.01%,
Nonrheumatic tricuspid valve disorders,5207,0.01%,
"Other congenital malformations, not elsewhere classified",5155,0.01%,
Hemorrhage in early pregnancy,5113,0.01%,
Malignant neoplasm of adrenal gland,5107,0.01%,
Acute bronchitis,5090,0.01%,
Injury of urinary and pelvic organs,5072,0.01%,
Arthropathies in other diseases classified elsewhere,5068,0.01%,
Viral and other specified intestinal infections,5061,0.01%,
Respiratory disorders in diseases classified elsewhere,5053,0.01%,
Hydrocele and spermatocele,5047,0.01%,
Other diseases of jaws,5046,0.01%,
Other disorders of urethra,5042,0.01%,
Infection due to other mycobacteria,5032,0.01%,
Superficial injury of shoulder and upper arm,4994,0.01%,
"Mental disorder, not otherwise specified",4991,0.01%,
Malignant neoplasm of other and unsp major salivary glands,4921,0.01%,
Nasal polyp,4908,0.01%,
Other superficial mycoses,4886,0.01%,
Other endocrine disorders,4872,0.01%,
Nonrheumatic pulmonary valve disorders,4826,0.01%,
Abnormal findings in specimens from oth org/tiss Abnormal findings,4800,0.01%,
Other female pelvic inflammatory diseases,4786,0.01%,
Unspecified chronic bronchitis,4767,0.01%,
Foreign body in respiratory tract,4748,0.01%,
Other diseases of gallbladder,4700,0.01%,
Abnormality of red blood cells,4686,0.01%,
Spina bifida,4673,0.01%,
Pyothorax,4670,0.01%,
Congenital malformations of spine and bony thorax,4659,0.01%,
Specific developmental disorders of speech and language,4657,0.01%,
Other arthritis,4643,0.01%,
Drug or chemical induced diabetes mellitus,4624,0.01%,
Injury of nerves at wrist and hand level,4599,0.01%,
"Oth prob rel to prim support group, inc family circumstances",4586,0.01%,
"Sedative, hypnotic, or anxiolytic related disorders",4584,0.01%,
Disorders of sclera,4577,0.01%,
Influenza due to unidentified influenza virus,4570,0.01%,
Pyogenic arthritis,4563,0.01%,
Benign neoplasm of other and unspecified sites,4485,0.01%,
Injury of nerves and spinal cord at thorax level,4427,0.01%,
"Injury of muscle, fascia and tendon at neck level",4418,0.01%,
"Biomechanical lesions, not elsewhere classified",4414,0.01%,
Other diseases of inner ear,4376,0.01%,
Optic neuritis,4359,0.01%,
Other demyelinating diseases of central nervous system,4346,0.01%,
Scabies,4333,0.01%,
Other and unspecified syphilis,4301,0.01%,
Nephrotic syndrome,4289,0.01%,
Hereditary ataxia,4271,0.01%,
Intracranial and intraspinal abscess and granuloma,4230,0.01%,
"Oth disorders of skin, subcu related to radiation Other",4212,0.01%,
"Occupant of pk-up/van injured pick-up truck, pk-up/van Occupant of pick-up truck",4205,0.01%,
Malignant neoplasm of vulva,4189,0.01%,
Other and unspecified infectious diseases,4139,0.01%,
Other disorders of lens,4136,0.01%,
Pedal cycle rider injured in collision w 2/3-whl mv Pedal cycle,4135,0.01%,
"Psychotropic drugs, not elsewhere classified Poisoning by, adverse effect",4132,0.01%,
Pre-eclampsia,4132,0.01%,
Polyhydramnios,4128,0.01%,
Anuria and oliguria,4124,0.01%,
Vascular dementia,4105,0.01%,
Unspecified contracted kidney,4090,0.01%,
"Antiepileptic, sedative- hypnotic and antiparkinsonism drugs Poisoning by, adverse effect",4089,0.01%,
Other male sexual dysfunction,4065,0.01%,
Dislocation and sprain of joints and ligaments of thorax,4058,0.01%,
Malignant neoplasm of other and unspecified urinary organs,4045,0.01%,
Complications peculiar to reattachment and amputation,4033,0.01%,
Dislocation and sprain of joints and ligaments of elbow,4010,0.01%,
Superficial injury of elbow and forearm,3984,0.01%,
Mesothelioma,3959,0.01%,
Acute respiratory distress syndrome,3949,0.01%,
Postpartum hemorrhage,3946,0.01%,
Disseminated intravascular coagulation [defibrination syndrome],3940,0.01%,
"Persons encntr hlth serv for spec proc & trtmt, not crd out",3923,0.01%,
Simple and mucopurulent chronic bronchitis,3913,0.01%,
Protein-calorie malnutrition of moderate and mild degree,3874,0.01%,
Recurrent and persistent hematuria,3826,0.01%,
Infections of genitourinary tract in pregnancy,3815,0.01%,
Cholecystitis,3810,0.01%,
Spontaneous abortion,3792,0.01%,
Other abnormal products of conception,3787,0.01%,
Acute appendicitis,3776,0.01%,
Open wound of hip and thigh,3769,0.01%,
Late syphilis,3731,0.01%,
Combined immunodeficiencies,3714,0.01%,
Placenta previa,3697,0.01%,
Congenital deformities of feet,3660,0.01%,
"Gangrene, not elsewhere classified",3648,0.01%,
"Hemorrhage, not elsewhere classified",3632,0.01%,
Inflammatory disorders of breast,3617,0.01%,
Pediculosis and phthiriasis,3609,0.01%,
Streptococcal sepsis,3595,0.01%,
Abnormalities of forces of labor,3591,0.01%,
Carcinoma in situ of other and unspecified genital organs,3569,0.01%,
Cicatricial alopecia [scarring hair loss],3569,0.01%,
Other disorders of middle ear mastoid,3564,0.01%,
Malignant neoplasm of vagina,3538,0.01%,
"Endocarditis, valve unspecified",3518,0.01%,
Other disorders of gingiva and edentulous alveolar ridge,3508,0.01%,
Bacterial infection of unspecified site,3506,0.01%,
Other conditions originating in the perinatal period,3465,0.01%,
Disorders of retroperitoneum,3447,0.01%,
Benign neoplasm of middle ear and respiratory system,3423,0.01%,
Pedestrian injured in collision w rail trn/veh Pedestrian injured,3406,0.01%,
Osteoporosis with current pathological fracture,3380,0.01%,
Hypersensitivity pneumonitis due to organic dust,3340,0.01%,
Unspecified mental disorder due to known physiological condition,3340,0.01%,
Neoplasm of uncertain behavior of female genital organs,3340,0.01%,
Open wound of shoulder and upper arm,3337,0.01%,
Cushing's syndrome,3325,0.01%,
Premature rupture of membranes,3316,0.01%,
"Encephalitis, myelitis and encephalomyelitis",3312,0.01%,
Unspecified abdominal hernia,3299,0.01%,
Kaposi's sarcoma,3283,0.01%,
Occupant of pk-up/van injured in collision w pedal cycle Occupant of,3274,0.01%,
Foreign body in alimentary tract,3255,0.01%,
Respiratory tuberculosis,3245,0.01%,
False labor,3240,0.01%,
Diaper dermatitis,3239,0.01%,
"Peptic ulcer, site unspecified",3217,0.01%,
Gestational hypertension without significant proteinuria Gestational,3213,0.01%,
Carcinoma in situ of skin,3209,0.01%,
Benign neoplasm of ovary,3203,0.01%,
Acute tonsillitis,3196,0.01%,
"Pedal cycle rider injured pick-up truck, pk-up/van Pedal cycle rider",3174,0.01%,
Other and unspecified injuries of elbow and forearm,3173,0.01%,
Respiratory conditions due to other external agents,3164,0.01%,
Down syndrome,3149,0.01%,
Other noninflammatory disorders of cervix uteri,3135,0.01%,
Typhoid and paratyphoid fevers,3121,0.01%,
"Crushing injury of wrist, hand and fingers",3120,0.01%,
"Viral pneumonia, not elsewhere classified",3115,0.01%,
Dislocation and sprain of joint and ligaments of hip,3109,0.01%,
Other obstetric trauma,3092,0.01%,
Other osteochondrodysplasias,3057,0.01%,
Nystagmus and other irregular eye movements,3030,0.01%,
"Other congenital malformations of tongue, mouth and pharynx",3017,0.01%,
Meningitis due to other and unspecified causes,3008,0.01%,
Neoplasm of uncertain behavior of brain and cnsl Neoplasm,2998,0.01%,
Juvenile arthritis,2975,0.01%,
Lupus erythematosus,2930,0.01%,
Other disorders of amino-acid metabolism,2923,0.01%,
Cholesteatoma of middle ear,2905,0.01%,
Other disorders of carbohydrate metabolism,2876,0.01%,
Acute nasopharyngitis [common cold],2852,0.01%,
Malignant neoplasm of other and ill-defined digestive organs,2844,0.01%,
Malignant neoplasm of thymus,2835,0.01%,
Other crystal arthropathies,2834,0.01%,
Inflammatory disease of cervix uteri,2832,0.01%,
"Other chromosome abnormalities, not elsewhere classified",2828,0.01%,
Motorcycle rider injured in oth and unsp transport accidents,2801,0.01%,
"Systemic antibiotics Poisoning by, adverse effect",2801,0.01%,
Injury of blood vessels at neck level,2795,0.01%,
Oth behav/emotn disord w onset usly occur in chldhd and adol Other,2793,0.01%,
"Malig neoplm of spinal cord, cranial nerves and oth prt cnsl Malignant neoplasm",2791,0.01%,
Granulomatous disorders of skin and subcutaneous tissue,2788,0.01%,
Burn and corrosion of other internal organs,2784,0.01%,
Encounter for examination and observation for other reasons,2770,0.01%,
Acute bronchiolitis,2758,0.01%,
Calculus of lower urinary tract,2739,0.01%,
Disorders of glycoprotein metabolism,2736,0.01%,
Meningococcal infection,2718,0.01%,
"Injury of muscle, fascia and tendon at forearm level",2718,0.01%,
Urethritis and urethral syndrome,2695,0.01%,
Fistulae involving female genital tract,2688,0.01%,
Malignant neoplasm of ureter,2685,0.01%,
Transitory disord of carbohydrate metab specific to newborn,2676,0.01%,
Deformity and disproportion of reconstructed breast,2673,0.01%,
Dissociative and conversion disorders,2662,0.01%,
Open wound of thorax,2659,0.01%,
Disord of newborn related to long gest and high birth weight,2653,0.01%,
Orchitis and epididymitis,2646,0.01%,
Huntington's disease,2631,0.01%,
Malignant neoplasm of renal pelvis,2607,0.01%,
Myositis,2594,0.01%,
Oth disorders of nervous system in diseases classd elswhr,2593,0.01%,
Unspecified intellectual disabilities,2591,0.01%,
Hyperaldosteronism,2562,0.01%,
"Nonopioid analgesics, antipyretics and antirheumatics Poisoning by, adverse effect",2561,0.01%,
Problems related to upbringing,2560,0.01%,
Hypertrichosis,2554,0.01%,
"Adult and child abuse, neglect and oth maltreat, suspected",2540,0.01%,
Gender identity disorders,2525,0.01%,
Motorcycle rider injured in noncollision transport accident,2511,0.01%,
Polyneuropathy in diseases classified elsewhere,2497,0.01%,
Disorders of aromatic amino-acid metabolism,2490,0.01%,
Abscess of lung and mediastinum,2487,0.01%,
Disorders of prepuce,2481,0.01%,
Other hereditary hemolytic anemias,2467,0.01%,
Recurrent pregnancy loss,2466,0.01%,
Impetigo,2457,0.01%,
Alopecia areata,2448,0.01%,
Congenital malformations of great veins,2432,0.01%,
Motorcycle rider injured in collision w oth nonmotor vehicle,2408,0.00%,
Neoplasm of uncertain behavior of urinary organs,2399,0.00%,
Benign neuroendocrine tumors,2398,0.00%,
Cholera,2395,0.00%,
Other nutritional deficiencies,2386,0.00%,
Functional disorders of polymorphonuclear neutrophils,2376,0.00%,
Other disorders of psychological development,2372,0.00%,
Disord of sphingolipid metab and oth lipid storage disorders,2371,0.00%,
Varicella [chickenpox],2359,0.00%,
Other disorders of binocular movement,2356,0.00%,
Other acute viral hepatitis,2343,0.00%,
Otosclerosis,2332,0.00%,
Chronic respiratory disease origin in the perinatal period,2330,0.00%,
Other vitamin deficiencies,2327,0.00%,
Malignant neoplasm of hypopharynx,2314,0.00%,
Symptoms and signs involving appearance and behavior,2282,0.00%,
Calcification and ossification of muscle,2263,0.00%,
Other rheumatic heart diseases,2262,0.00%,
Pemphigoid,2255,0.00%,
"Pneumonia due to oth infectious organisms, NEC Pneumonia",2252,0.00%,
Bacterial sepsis of newborn,2246,0.00%,
Pilonidal cyst and sinus,2245,0.00%,
Disord of NB related to slow fetal growth and fetal malnut,2241,0.00%,
Pyoderma gangrenosum,2220,0.00%,
Pneumonia in diseases classified elsewhere,2213,0.00%,
Sequelae of poliomyelitis,2213,0.00%,
Mastoiditis and related conditions,2175,0.00%,
Influenza due to other identified influenza virus,2125,0.00%,
Bus occupant injured in collision w 2/3-whl mv Bus occupant,2107,0.00%,
Trichomoniasis,2103,0.00%,
Disorders of purine and pyrimidine metabolism,2098,0.00%,
Cardiovascular disorders originating in the perinatal period,2087,0.00%,
Congenital malformations of uterus and cervix,2085,0.00%,
Other fetal stress complicating labor and delivery,2078,0.00%,
"Agents primarily affecting the cardiovascular system Poisoning by, adverse effect",2068,0.00%,
Acute pericarditis,2054,0.00%,
Occupational exposure to risk factors,2052,0.00%,
Oth transitory neonatal electrolyte and metabolic disturb,2045,0.00%,
Age-related physical debility,2018,0.00%,
Spontaneous rupture of synovium and tendon,2015,0.00%,
Unspecified viral infection characterized by skin and mucous membrane lesions,1997,0.00%,
Genetic carrier,1989,0.00%,
Specific developmental disorders of scholastic skills,1985,0.00%,
"Adult and child abuse, neglect and oth maltreat, confirmed",1984,0.00%,
Benign neoplasm of major salivary glands,1974,0.00%,
Nonspecific lymphadenitis,1969,0.00%,
Viral meningitis,1963,0.00%,
Acute laryngitis and tracheitis,1960,0.00%,
Renal agenesis and other reduction defects of kidney,1955,0.00%,
Congenital hydrocephalus,1953,0.00%,
Venous complications and hemorrhoids in pregnancy,1939,0.00%,
Injury of nerves at forearm level,1937,0.00%,
Encounter for prophylactic surgery,1935,0.00%,
"Oth viral infect with skin and mucous membrane lesions, NEC Other viral",1919,0.00%,
Bus occupant injured in noncollision transport accident,1914,0.00%,
Pemphigus,1914,0.00%,
Crushing injury of ankle and foot,1913,0.00%,
Placental disorders,1893,0.00%,
Hypoparathyroidism,1888,0.00%,
"Oth complications of labor and delivery, NEC Other",1874,0.00%,
Malignant neoplasm of penis,1873,0.00%,
Gastrojejunal ulcer,1859,0.00%,
Other acute skin changes due to ultraviolet radiation,1842,0.00%,
Chlamydia psittaci infections,1842,0.00%,
Benign neoplasm of urinary organs,1835,0.00%,
"Malig neoplasm of sites in the lip, oral cavity and pharynx Malignant neoplasm",1832,0.00%,
Parapsoriasis,1825,0.00%,
Other juvenile osteochondrosis,1810,0.00%,
Impulse disorders,1808,0.00%,
Malignant neoplasm of gum,1807,0.00%,
Malignant neoplasm of endo glands and related structures Malignant,1785,0.00%,
Immunodeficiency associated with other major defects,1750,0.00%,
Other conditions of integument specific to newborn,1749,0.00%,
Eccrine sweat disorders,1735,0.00%,
Malignant neoplasm of pyriform sinus,1727,0.00%,
Localized adiposity,1726,0.00%,
"Antepartum hemorrhage, not elsewhere classified",1721,0.00%,
Open wound of neck,1719,0.00%,
"Chronic hepatitis, not elsewhere classified",1688,0.00%,
Foreign body on external eye,1676,0.00%,
Specific developmental disorder of motor function,1673,0.00%,
Polyglandular dysfunction,1669,0.00%,
"Radiation sickness, unspecified",1666,0.00%,
Lichen planus,1650,0.00%,
Other congenital malformations of limb(s),1643,0.00%,
Tic disorder,1634,0.00%,
Premature separation of placenta [abruptio placentae],1628,0.00%,
Polyarteritis nodosa and related conditions,1615,0.00%,
Infectious mononucleosis,1614,0.00%,
NB aff by matern cond that may be unrelated to present preg,1611,0.00%,
Acute tubulo-interstitial nephritis,1610,0.00%,
Maternal care for disproportion,1607,0.00%,
"Inflammatory disorders of male genital organs, NEC Inflammatory",1607,0.00%,
Complications of bariatric procedures,1598,0.00%,
Occupant of hv veh injured in oth and unsp transport acc Occupant,1597,0.00%,
Encntr for plast/recnst surg fol med proc or healed injury Encounter,1591,0.00%,
Other congenital malformations of spinal cord,1573,0.00%,
Other disorders of tympanic membrane,1572,0.00%,
Carcinoma in situ of other and unspecified sites,1564,0.00%,
Other congenital malformations of nervous system,1557,0.00%,
"Pedestrian injured in collision w car, pick-up truck or van",1553,0.00%,
Neoplasm of uncertain behavior of meninges,1551,0.00%,
Carcinoma in situ of other and unspecified digestive organs,1543,0.00%,
"Congenital ms deformities of head, face, spine and chest",1539,0.00%,
"Congenital malform of gallbladder, bile ducts and liver",1536,0.00%,
Tuberculosis of other organs,1527,0.00%,
"Occls and stenosis of cereb art, not rslt in cerebral infrc",1509,0.00%,
Gonococcal infection,1502,0.00%,
Unspecified renal colic,1500,0.00%,
Intracranial and intraspinal phlebitis and thrombophlebitis,1497,0.00%,
Malignant neoplasm of meninges,1496,0.00%,
Other congenital malformations of brain,1484,0.00%,
Toxic effect of contact with venomous animals and plants,1472,0.00%,
Neoplm of uncrt behav of mid ear & resp and intrathorac org,1453,0.00%,
Sexual dysfnct not due to a substance or known physiol cond,1444,0.00%,
Bus occupant injured in collision w rail trn/veh Bus occupant,1442,0.00%,
Benign neoplasm of other and unsp intrathoracic organs,1423,0.00%,
Problems related to employment and unemployment,1416,0.00%,
Bus occupant injured in other and unsp transport accidents,1407,0.00%,
Congenital deformities of hip,1403,0.00%,
Malignant neoplasm of trachea,1402,0.00%,
Brief psychotic disorder,1401,0.00%,
Intracranial nontraumatic hemorrhage of newborn,1398,0.00%,
Urethral discharge,1396,0.00%,
Other injury due to accident to watercraft,1393,0.00%,
Newborn affected by other comp of labor and delivery,1382,0.00%,
Salpingitis and oophoritis,1372,0.00%,
Acanthosis nigricans,1369,0.00%,
Embedded and impacted teeth,1367,0.00%,
Toxic effect of alcohol,1363,0.00%,
Ascorbic acid deficiency,1361,0.00%,
Oth disord of brst/lactatn assoc w pregnancy and the puerp Other disorders,1360,0.00%,
Occupant of hv veh injured in collision w pedal cycle Occupant,1355,0.00%,
Erythema multiforme,1349,0.00%,
Other salmonella infections,1328,0.00%,
Other congenital malformations of eye,1323,0.00%,
Other diseases of pulmonary vessels,1321,0.00%,
"Pulmonary eosinophilia, not elsewhere classified",1321,0.00%,
Other and unspecified disorders of prostate,1309,0.00%,
Other puerperal infections,1287,0.00%,
Other congenital malformations of skull and face bones,1281,0.00%,
Septic arterial embolism,1279,0.00%,
Diseases of Bartholin's gland,1279,0.00%,
Postinfective and reactive arthropathies,1269,0.00%,
Hypospadias,1268,0.00%,
Other abdominal hernia,1265,0.00%,
Viral conjunctivitis,1265,0.00%,
"Carcinoma in situ of oral cavity, esophagus and stomach",1264,0.00%,
Toxoplasmosis,1264,0.00%,
Pedestrian injured in collision with pedal cycle,1263,0.00%,
NB aff by noxious substnc transmitd via plcnta or brst milk,1261,0.00%,
Other congenital malformations of kidney,1260,0.00%,
Osteopathies in diseases classified elsewhere,1258,0.00%,
Cryptococcosis,1249,0.00%,
Turner's syndrome,1248,0.00%,
Other acute disseminated demyelination,1245,0.00%,
Acute nephritic syndrome,1230,0.00%,
Manic episode,1230,0.00%,
Disorders of other cranial nerves,1227,0.00%,
Pre-existing hypertension with pre-eclampsia,1224,0.00%,
Irritant contact dermatitis,1214,0.00%,
Other and unspecified effects of other external causes,1213,0.00%,
Congen defects of renal pelvis and congen malform of ureter Congenital,1203,0.00%,
"Other mycoses, not elsewhere classified",1196,0.00%,
"Other systemic anti-infectives and antiparasitics Poisoning by, adverse effect",1172,0.00%,
Burn and corrosion confined to eye and adnexa,1166,0.00%,
Other diseases caused by chlamydiae,1166,0.00%,
Car occupant injured in collision with pedestrian or animal,1166,0.00%,
Disord of branched-chain amino-acid metab & fatty-acid metab,1161,0.00%,
Elev erythro sedim and abnormality of plasma viscosity Elevated,1158,0.00%,
Allergic contact dermatitis,1156,0.00%,
Hereditary factor VIII deficiency,1131,0.00%,
Traumatic amputation of ankle and foot,1129,0.00%,
Other osteochondropathies,1127,0.00%,
Other disturbances of temperature regulation of newborn,1125,0.00%,
Influenza due to certain identified influenza viruses,1107,0.00%,
Other degenerative diseases of basal ganglia,1105,0.00%,
"Intraop and postprocedural complications of skin, subcu Intraoperative",1092,0.00%,
Other congenital malformations of male genital organs,1081,0.00%,
Other congenital malformations of intestine,1081,0.00%,
Injury of nerves at ankle and foot level,1079,0.00%,
Other effects of reduced temperature,1065,0.00%,
"Inj blood vessels at abdomen, low back and pelvis level Injury",1062,0.00%,
Brucellosis,1059,0.00%,
Injury of cranial nerve,1058,0.00%,
Complications specific to multiple gestation,1049,0.00%,
Peritonsillar abscess,1047,0.00%,
Certain crnt comp fol STEMI & NSTEMI mocard infrc <= 28 day Certain current complications,1040,0.00%,
Unspecified sexually transmitted disease,1036,0.00%,
Benign neoplasm of thyroid gland,1030,0.00%,
Benign neoplasm of mouth and pharynx,1024,0.00%,
Acute myocarditis,1017,0.00%,
Ectopic pregnancy,1013,0.00%,
"Inflammatory disease of uterus, except cervix",1002,0.00%,
Other congenital malformations of urinary system,999,0.00%,
Unspecified appendicitis,994,0.00%,
Coccidioidomycosis,987,0.00%,
Mild intellectual disabilities,982,0.00%,
Birth injury to scalp,981,0.00%,
"Intraop and postproc comp and disord of eye and adnexa, NEC Intraoperative",976,0.00%,
Occupant of pk-up/van injured in collision w ped/anml Occupant of pick-up,969,0.00%,
Acquired pure red cell aplasia [erythroblastopenia],961,0.00%,
Problems related to certain psychosocial circumstances,942,0.00%,
Pedestrian injured in collision w 2/3-whl mv Pedestrian injured,941,0.00%,
"Bacterial meningitis, not elsewhere classified",933,0.00%,
Sequelae of other and unsp infectious and parasitic diseases,931,0.00%,
Activity codes,924,0.00%,
"Other viral diseases, not elsewhere classified",922,0.00%,
"Congen malform syndromes due to known exogenous causes, NEC Congenital",918,0.00%,
Newborn affected by maternal complications of pregnancy,916,0.00%,
Disorders of tooth development and eruption,912,0.00%,
Drowning and submersion due to accident to watercraft,909,0.00%,
Other problems with newborn,906,0.00%,
"Oth sex chromosome abnormalities, male phenotype, NEC Other",902,0.00%,
Problems related to medical facilities and other health care,900,0.00%,
Zygomycosis,894,0.00%,
Pneumocystosis,894,0.00%,
"Drugs primarily affecting the autonomic nervous system Poisoning by, adverse effect",893,0.00%,
Carcinoma in situ of middle ear and respiratory system,886,0.00%,
Injury of blood vessels at wrist and hand level,885,0.00%,
Leprosy [Hansen's disease],884,0.00%,
Injury of nerves at shoulder and upper arm level,881,0.00%,
Rheumatic aortic valve diseases,881,0.00%,
Injury of blood vessels of thorax,871,0.00%,
Abnormal findings in specimens from dgstv org/abd cav Abnormal,866,0.00%,
"Vasculitis limited to skin, not elsewhere classified",856,0.00%,
Other hyperalimentation,852,0.00%,
Monkeypox,850,0.00%,
Postpolio syndrome,846,0.00%,
Adrenogenital disorders,845,0.00%,
Pneumoconiosis due to asbestos and other mineral fibers,837,0.00%,
Malignant neoplasm of other and unsp male genital organs,834,0.00%,
Other renal tubulo-interstitial diseases,833,0.00%,
Hallucinogen related disorders,816,0.00%,
"Newborn affected by comp of placenta, cord and membranes",813,0.00%,
Foreign body in ear,805,0.00%,
Undescended and ectopic testicle,794,0.00%,
Other disturbances of cerebral status of newborn,791,0.00%,
"Maternl malig or injury compl preg/childbrth Maternal malignant neoplasms, traumatic injuries",790,0.00%,
Malignant neoplasm of prph nerves and autonomic nervous sys,789,0.00%,
Hypothermia,787,0.00%,
Secondary parkinsonism,780,0.00%,
Other infestations,780,0.00%,
Problems related to education and literacy,780,0.00%,
Sequelae of inflammatory diseases of central nervous system,779,0.00%,
Nocardiosis,778,0.00%,
Other nonpsychotic mental disorders,777,0.00%,
Other congenital infectious and parasitic diseases,776,0.00%,
Other perinatal digestive system disorders,773,0.00%,
Other papulosquamous disorders,769,0.00%,
Benign neoplasm of male genital organs,762,0.00%,
Smallpox,750,0.00%,
Interstit emphysema and rel cond origin in perinat period Interstitial,746,0.00%,
Early syphilis,729,0.00%,
Thiamine deficiency,719,0.00%,
Other diseases of appendix,712,0.00%,
"Infect of breast assoc w pregnancy, the puerp and lactation",708,0.00%,
Injury of blood vessels at hip and thigh level,706,0.00%,
Ill-defined and unknown cause of mortality,696,0.00%,
Acute obstructive laryngitis [croup] and epiglottitis,696,0.00%,
Anemia due to enzyme disorders,692,0.00%,
Failed induction of labor,686,0.00%,
"Disord of art, arterioles and capilare in dis classd elswhr",674,0.00%,
Hydatidiform mole,674,0.00%,
Other abnormalities of plasma proteins,670,0.00%,
Congenital malformations of esophagus,668,0.00%,
Injury of nerves at lower leg level,668,0.00%,
Chronic laryngitis and laryngotracheitis,665,0.00%,
Mycetoma,661,0.00%,
Drug- & heavy-metal-induced tubulo-interstitial & tublr cond,655,0.00%,
Acute hepatitis B,650,0.00%,
Radiodermatitis,649,0.00%,
Congenital ichthyosis,647,0.00%,
Puerperal psychosis,646,0.00%,
Other benign neoplasms of uterus,646,0.00%,
Blood type,644,0.00%,
Erythema nodosum,643,0.00%,
Other infections specific to the perinatal period,639,0.00%,
Actinomycosis,631,0.00%,
Encounter for cesarean delivery without indication,625,0.00%,
Osteitis deformans [Paget's disease of bone],625,0.00%,
Other bullous disorders,624,0.00%,
Other congenital malformations of female genitalia,616,0.00%,
"Sexual dysfunction, unspecified",614,0.00%,
Cerebrovascular disorders in diseases classified elsewhere,599,0.00%,
Injury of blood vessels at lower leg level,597,0.00%,
Occupant of pk-up/van injured in collision w nonmtr vehicle Occupant of,595,0.00%,
Other obstructed labor,595,0.00%,
"Monosomies and deletions from the autosomes, NEC Monosomies",594,0.00%,
"Oth trisomies and partial trisomies of the autosomes, NEC Other",593,0.00%,
External cause status,593,0.00%,
Other congenital malformations of face and neck,592,0.00%,
"Motor- or nonmotor-vehicle accident, type of vehicle unsp",589,0.00%,
Acute hepatitis A,580,0.00%,
Animl-ridr or occ of anml-drn vehicle injured in trnsp acc,572,0.00%,
"Anesthetics and therapeutic gases Poisoning by, adverse effect",572,0.00%,
Other neonatal hemorrhages,571,0.00%,
Retained foreign body fragments,569,0.00%,
Neoplasm of uncertain behavior of male genital organs,568,0.00%,
Problems related to social environment,567,0.00%,
Superficial frostbite,566,0.00%,
Dislocation and sprain of joints and ligaments of head,562,0.00%,
Pneumonia due to Hemophilus influenzae,560,0.00%,
"Cysts of oral region, not elsewhere classified",559,0.00%,
Congenital malformations of lung,553,0.00%,
Gestational edema and proteinuria without hypertension Gestational,553,0.00%,
Lactose intolerance,550,0.00%,
Injury of blood vessels at shoulder and upper arm level,549,0.00%,
Toxic liver disease,549,0.00%,
Labor and delivery complicated by abnormality of fetal acid-base balance,547,0.00%,
"Other bacterial diseases, not elsewhere classified",544,0.00%,
Toxic effect of other and unspecified substances,544,0.00%,
Long labor,538,0.00%,
Folate deficiency anemia,536,0.00%,
Necrotizing enterocolitis of newborn,533,0.00%,
Car occupant injured in collision with pedal cycle,532,0.00%,
Occupant of pk-up/van injured in collision w 2/3-whl mv Occupant of pick-up,524,0.00%,
Malignant neoplasm of lip,522,0.00%,
Other disorders of nervous system not elsewhere classified,522,0.00%,
"Retained placenta and membranes, without hemorrhage",522,0.00%,
Injury of heart,521,0.00%,
Other congenital malformations of integument,515,0.00%,
Other sexually transmitted chlamydial diseases,514,0.00%,
Direct infect of joint in infec/parastc dis classd elswhr Direct,503,0.00%,
Other protozoal intestinal diseases,495,0.00%,
"Toxic effect of other gases, fumes and vapors",491,0.00%,
Vitamin A deficiency,488,0.00%,
Congenital lens malformations,488,0.00%,
Psychological and behavioral factors associated with disorders or diseases classified elsewhere,487,0.00%,
Effects of other deprivation,479,0.00%,
Problems related to life management difficulty,469,0.00%,
Androgenic alopecia,469,0.00%,
Abnormal findings in specimens from male genital organs,469,0.00%,
"Congenital malform of eyelid, lacrimal apparatus and orbit",468,0.00%,
Frostbite with tissue necrosis,467,0.00%,
Chronic tubulo-interstitial nephritis,467,0.00%,
Other congenital malformations of ear,464,0.00%,
Congenital malformations of anterior segment of eye,453,0.00%,
Obstructed labor due to malposition and malpresent of fetus,451,0.00%,
"Intraop and postproc comp and disorders of ear/mastd, NEC Intraoperative and postprocedural",450,0.00%,
Other spirochetal infections,447,0.00%,
Traumatic amputation of elbow and forearm,446,0.00%,
"Occupant of hv veh injured pick-up truck, pk-up/van Occupant of heavy",446,0.00%,
Transitory neonatal disorders of calcium and magnesium metab,442,0.00%,
Other psychotic disorder not due to a substance or known physiological condition,441,0.00%,
Other human herpesviruses,435,0.00%,
Disorders of glycosaminoglycan metabolism,435,0.00%,
Foreign body in genitourinary tract,434,0.00%,
Pityriasis rosea,431,0.00%,
Atypical virus infections of central nervous system,423,0.00%,
"Other slipping, tripping and stumbling and falls",415,0.00%,
Unspecified disorder of adult personality and behavior,413,0.00%,
Methemoglobinemia,413,0.00%,
"Agents prim act on smooth and skeletal musc and the resp sys Poisoning by, adverse effect",413,0.00%,
Benign neoplasm of other and unsp female genital organs,412,0.00%,
Occupant of pk-up/van injured in collision w hv veh Occupant of pick-up,410,0.00%,
Congenital malformations of posterior segment of eye,408,0.00%,
Sunburn,407,0.00%,
Benign neoplm of soft tissue of retroperiton and peritoneum,403,0.00%,
Encephalocele,402,0.00%,
Femoral hernia,400,0.00%,
Unspecified fall,397,0.00%,
Other congenital musculoskeletal deformities,397,0.00%,
Emotional disorders with onset specific to childhood,396,0.00%,
Hemolytic disease of newborn,394,0.00%,
Microcephaly,391,0.00%,
Hereditary factor IX deficiency,391,0.00%,
Cleft palate,390,0.00%,
Neonatal aspiration,385,0.00%,
Cleft palate with cleft lip,385,0.00%,
Pneumonia due to Streptococcus pneumoniae,382,0.00%,
"Anophthalmos, microphthalmos and macrophthalmos",381,0.00%,
Assault by unspecified means,377,0.00%,
Congenital malformations of breast,375,0.00%,
Schistosomiasis [bilharziasis],375,0.00%,
Crushing injury of lower leg,374,0.00%,
Diseases of thymus,366,0.00%,
Acute lymphadenitis,365,0.00%,
Traf of spcf type but victim's mode of transport unknown Traffic,362,0.00%,
Disord social w onset specific to childhood and adolescence Disorders,361,0.00%,
Complications following (induced) termination of pregnancy,353,0.00%,
Enteropathic arthropathies,352,0.00%,
Atheroembolism,343,0.00%,
Other congenital malformations of digestive system,341,0.00%,
Strongyloidiasis,339,0.00%,
Toxic effect of metals,338,0.00%,
Reduction defects of lower limb,337,0.00%,
Congenital malformations of trachea and bronchus,337,0.00%,
Eclampsia,334,0.00%,
Venous complications and hemorrhoids in the puerperium,334,0.00%,
Schizotypal disorder,332,0.00%,
Histoplasmosis,330,0.00%,
Complications following ectopic and molar pregnancy,328,0.00%,
Encounter for full-term uncomplicated delivery,328,0.00%,
Cysticercosis,328,0.00%,
Subclinical iodine-deficiency hypothyroidism,323,0.00%,
"Malnutrition in pregnancy, childbirth and the puerperium",323,0.00%,
Avulsion and traumatic amputation of part of head,317,0.00%,
Other appendicitis,315,0.00%,
Dietary zinc deficiency,314,0.00%,
"Resp cond d/t inhalation of chemicals, gas, fumes and vapors Respiratory",312,0.00%,
Congenital malformations of nose,311,0.00%,
"Disorders of puberty, not elsewhere classified",309,0.00%,
Injury of nerves at hip and thigh level,309,0.00%,
Malignant neoplasm of placenta,307,0.00%,
Disorders of external ear in diseases classified elsewhere,306,0.00%,
Convulsions of newborn,304,0.00%,
Noninflammatory disorders of testis,301,0.00%,
Congenital iodine-deficiency syndrome,300,0.00%,
Obstetric embolism,299,0.00%,
Other disorders of adult personality and behavior,298,0.00%,
Asphyxiation,292,0.00%,
Assault by bodily force,289,0.00%,
Congenital malformations of larynx,289,0.00%,
Other congenital malformations of upper alimentary tract,286,0.00%,
Car occupant injured in noncollision transport accident,286,0.00%,
Encounter for fit/adjst of external prosthetic device Encounter,285,0.00%,
Motorcycle rider injured in collision with pedal cycle,284,0.00%,
Pleural plaque,284,0.00%,
Injury of blood vessels at ankle and foot level,277,0.00%,
"Topical skin/eye/ENT/dental drugs Poisoning by, adverse effect of and underdosing of topical agents",270,0.00%,
Encounter for care involving renal dialysis,269,0.00%,
Glycosuria,266,0.00%,
Epidermolysis bullosa,265,0.00%,
Pericarditis in diseases classified elsewhere,260,0.00%,
Traumatic amputation of shoulder and upper arm,257,0.00%,
Toxic effect of corrosive substances,256,0.00%,
Amnestic disorder due to known physiological condition,254,0.00%,
"Crush inj & traum amp of abd,low back, pelv & extrn genitals Crushing",253,0.00%,
Adult osteomalacia,252,0.00%,
Tuberculosis of nervous system,252,0.00%,
Other acantholytic disorders,248,0.00%,
Vascular syndromes of brain in cerebrovascular diseases,247,0.00%,
Abnormal findings in cerebrospinal fluid,246,0.00%,
Unspecified behavioral syndromes associated with physiological disturbances and physical factors,242,0.00%,
Other intestinal obstruction of newborn,240,0.00%,
Severe intellectual disabilities,238,0.00%,
Trisomy 18 and Trisomy 13,236,0.00%,
Oth degeneratv disord of nervous sys in dis classd elswhr,232,0.00%,
Hair color and hair shaft abnormalities,232,0.00%,
Exposure to other specified factors,229,0.00%,
Acute poliomyelitis,227,0.00%,
Moderate intellectual disabilities,226,0.00%,
Pneumoconiosis due to dust containing silica,225,0.00%,
Reduction defects of upper limb,225,0.00%,
"Labor and delivery comp by intrapartum hemorrhage, NEC Labor",224,0.00%,
Obstructed labor due to maternal pelvic abnormality,223,0.00%,
Rheumatic fever without heart involvement,220,0.00%,
Crushing injury of elbow and forearm,219,0.00%,
Congenital malform of ear causing impairment of hearing,217,0.00%,
Erosion and ectropion of cervix uteri,215,0.00%,
"Balanced rearrangements and structural markers, NEC Balanced",213,0.00%,
Car occupant injured in collision w statnry object Car,212,0.00%,
Accidental striking against or bumped into by another person,211,0.00%,
Injury of blood vessels at forearm level,210,0.00%,
Cleft lip,210,0.00%,
"Agents primarily affecting the gastrointestinal system Poisoning by, adverse effect",210,0.00%,
Toxic effect of carbon monoxide,206,0.00%,
"Congen malform of ovaries, fallopian tubes & broad ligaments",205,0.00%,
Unspecified acute lower respiratory infection,203,0.00%,
Disorders of muscle tone of newborn,202,0.00%,
Disord of myoneural junction and muscle in dis classd elswhr,198,0.00%,
Pedestrian injured in other and unsp transport accidents,198,0.00%,
Liver disorders in diseases classified elsewhere,196,0.00%,
Iodine-deficiency related thyroid disorders and allied cond,191,0.00%,
Pulmonary hemorrhage originating in the perinatal period,190,0.00%,
"Crushing inj thorax, and traumatic amp of part of thorax Crushing",190,0.00%,
Hypothermia of newborn,190,0.00%,
Osteochndrdys w defects of growth of tubular bones and spine,187,0.00%,
Metabolic acidemia in newborn,186,0.00%,
Isolated proteinuria with specified morphological lesion,186,0.00%,
Foreign body or object entering through skin,185,0.00%,
Complications associated with artificial fertilization,185,0.00%,
Crushing injury of shoulder and upper arm,183,0.00%,
Effects of air pressure and water pressure,178,0.00%,
"Counseling related to sexual attitude, behavior and orientn",175,0.00%,
Sequelae of tuberculosis,174,0.00%,
"Oth bacterial foodborne intoxications, NEC Other",170,0.00%,
Effects of heat and light,170,0.00%,
Systemic atrophies aff cnsl in diseases classd elswhr Systemic atrophies,169,0.00%,
Erysipelas,169,0.00%,
Crushing injury of hip and thigh,167,0.00%,
Paraphilias,166,0.00%,
Miliary tuberculosis,166,0.00%,
Syndactyly,157,0.00%,
Other congenital malformations of respiratory system,155,0.00%,
Juvenile osteochondrosis of hip and pelvis,154,0.00%,
Rapidly progressive nephritic syndrome,153,0.00%,
Diphtheria,153,0.00%,
Traumatic amputation of hip and thigh,152,0.00%,
Profound intellectual disabilities,152,0.00%,
"Other protozoal diseases, not elsewhere classified",148,0.00%,
Subsequent STEMI & NSTEMI mocard infrc Subsequent ST,148,0.00%,
Enterobiasis,146,0.00%,
Place of occurrence of the external cause,145,0.00%,
Relapsing fevers,144,0.00%,
Exfoliatn due to erythemat cond accord extent body involv Exfoliation due,142,0.00%,
Omphalitis of newborn,140,0.00%,
Toxic effect of other noxious substances eaten as food,138,0.00%,
Other helminthiases,137,0.00%,
Spinal osteochondrosis,137,0.00%,
Chorioretinal disorders in diseases classified elsewhere,133,0.00%,
"Encphlts, myelitis & encephalomyelitis in dis classd elswhr",132,0.00%,
Small kidney of unknown cause,131,0.00%,
Polydactyly,131,0.00%,
Encntr for mental health serv for victim and perp of abuse,130,0.00%,
Congenital syphilis,129,0.00%,
Unspecified malaria,128,0.00%,
Endocarditis and heart valve disorders in diseases classified elsewhere,127,0.00%,
Puerperal sepsis,126,0.00%,
Rheumatic fever with heart involvement,125,0.00%,
Abnormal findings on neonatal screening,124,0.00%,
Burn and corrosion of respiratory tract,122,0.00%,
"Congenital absence, atresia and stenosis of large intestine",119,0.00%,
Toxic effect of organic solvents,119,0.00%,
Congenital viral diseases,117,0.00%,
Pneumoconiosis due to other inorganic dusts,117,0.00%,
Other disorders of brain in diseases classified elsewhere,116,0.00%,
Unspecified viral infection of central nervous system,115,0.00%,
Apocrine sweat disorders,115,0.00%,
"Sequelae of complication of pregnancy, childbirth, and the puerperium",114,0.00%,
Unspecified intestinal parasitism,114,0.00%,
Birth injury to skeleton,112,0.00%,
Fall on and from stairs and steps,111,0.00%,
Dietary calcium deficiency,110,0.00%,
Shigellosis,109,0.00%,
Meningitis in other infectious and parasitic diseases classified elsewhere,104,0.00%,
Complications of anesthesia during the puerperium,103,0.00%,
Other disorders of skin and subcutaneous tissue in diseases classified elsewhere,103,0.00%,
"Other specified events, undetermined intent",103,0.00%,
"Hereditary nephropathy, not elsewhere classified",103,0.00%,
Listeriosis,101,0.00%,
Systemic disorders of conn tiss in diseases classd elswhr,99,0.00%,
Congenital pneumonia,99,0.00%,
Unspecified parasitic disease,95,0.00%,
Leishmaniasis,94,0.00%,
"Other zoonotic bacterial diseases, not elsewhere classified",92,0.00%,
Retinal disorders in diseases classified elsewhere,89,0.00%,
Sequelae of malnutrition and other nutritional deficiencies,87,0.00%,
Amebiasis,87,0.00%,
Inconclusive laboratory evidence of human immunodeficiency virus [HIV],84,0.00%,
Myiasis,83,0.00%,
Glaucoma in diseases classified elsewhere,83,0.00%,
Other disorders of kidney and ureter in diseases classified elsewhere,82,0.00%,
Shared psychotic disorder,82,0.00%,
Other birth injuries,81,0.00%,
Echinococcosis,80,0.00%,
Contact with other hot fluids,78,0.00%,
Kwashiorkor,77,0.00%,
Exfoliative dermatitis,76,0.00%,
Striking against or struck by sports equipment,76,0.00%,
Other transitory neonatal endocrine disorders,75,0.00%,
"Surg op & oth surg proc cause abn react/compl, w/o misadvnt Surgical operation and other surgical procedures as the cause",74,0.00%,
"Oth viral infections of central nervous system, NEC Other",74,0.00%,
Whooping cough,72,0.00%,
Sequelae of inflammatory and toxic polyneuropathies,72,0.00%,
Assault by other specified means,72,0.00%,
Contact with other sharp objects,71,0.00%,
"Congenital absence, atresia and stenosis of small intestine",71,0.00%,
Benign neoplasm of mesothelial tissue,70,0.00%,
Failed attempted termination of pregnancy,67,0.00%,
Bartonellosis,67,0.00%,
"Oth medical procedures cause abn react/compl, w/o misadvnt Other medical procedures as the cause of abnormal reaction",64,0.00%,
Bit/stung by nonvenom insect and oth nonvenomous arthropods Bitten,63,0.00%,
Abnormal findings in specimens from resp org/thrx Abnormal,62,0.00%,
Rubella [German measles],61,0.00%,
Scarlet fever,59,0.00%,
Contact with other heat and hot substances,59,0.00%,
Other fall from one level to another,59,0.00%,
Malig neoplm of sites in the resp sys and intrathorac organs Malignant neoplasm,58,0.00%,
Eustachian salpingitis and obstruction,58,0.00%,
Toxic effect of other inorganic substances,58,0.00%,
Complications of anesthesia during labor and delivery,57,0.00%,
Abuse of non-psychoactive substances,57,0.00%,
Filariasis,55,0.00%,
Erythema in diseases classified elsewhere,54,0.00%,
Taeniasis,54,0.00%,
Granuloma inguinale,53,0.00%,
Indeterminate sex and pseudohermaphroditism,52,0.00%,
Nutritional marasmus,52,0.00%,
Chagas' disease,52,0.00%,
Glanders and melioidosis,52,0.00%,
Occupant of 3-whl mv injured in collision w ped/anml Occupant of,52,0.00%,
Cataract in diseases classified elsewhere,52,0.00%,
Disseminated intravascular coagulation of newborn,51,0.00%,
Reduction defects of unspecified limb,50,0.00%,
Myocarditis in diseases classified elsewhere,50,0.00%,
Plasmodium vivax malaria,50,0.00%,
"Bus occupant injured pick-up truck, pick-up truck or van Bus",49,0.00%,
Plasmodium falciparum malaria,48,0.00%,
Vulvovaginal ulceration and inflam in diseases classd elswhr,48,0.00%,
Contact with dog,48,0.00%,
Anencephaly and similar malformations,47,0.00%,
Evidence of alcohol involv determined by blood alcohol level,46,0.00%,
"Caught, crushed, jammed or pinched in or between objects",45,0.00%,
Abnormal findings in other body fluids and substances,45,0.00%,
Other disorders of peripheral nervous system,45,0.00%,
Trachoma,45,0.00%,
Other tetanus,43,0.00%,
Assault by blunt object,43,0.00%,
Spondylopathies in diseases classified elsewhere,42,0.00%,
Birth injury to peripheral nervous system,42,0.00%,
Other cestode infections,41,0.00%,
Toxic effect of pesticides,41,0.00%,
Yaws,41,0.00%,
"Oth sex chromosome abnormalities, female phenotype, NEC Other",41,0.00%,
Other fluke infections,39,0.00%,
Other sexual disorders,38,0.00%,
Staphylococcal scalded skin syndrome,38,0.00%,
Leptospirosis,37,0.00%,
"Struck by thrown, projected or falling object",35,0.00%,
Contact with other mammals,35,0.00%,
"Other viral encephalitis, not elsewhere classified",35,0.00%,
Cranial nerve disorders in diseases classified elsewhere,35,0.00%,
Nondiabetic hypoglycemic coma,34,0.00%,
Dengue fever [classical dengue],34,0.00%,
Pinta [carate],34,0.00%,
Legal intervention,33,0.00%,
Crushing injury of head,32,0.00%,
Unspecified viral encephalitis,32,0.00%,
Renal tubulo-interstitial disorders in diseases classified elsewhere,31,0.00%,
Intraop and postprocedural complications of the spleen,30,0.00%,
Intentional self-harm by sharp object,30,0.00%,
"Exposure to other specified smoke, fire and flames",30,0.00%,
Otitis media in diseases classified elsewhere,30,0.00%,
"Fall on same level from slipping, tripping and stumbling",30,0.00%,
Ascariasis,29,0.00%,
Other mosquito-borne viral fevers,29,0.00%,
Blastomycosis,29,0.00%,
Q fever,28,0.00%,
Assault by sharp object,28,0.00%,
Fall on and from ladder,28,0.00%,
Mononeuropathy in diseases classified elsewhere,28,0.00%,
Chlamydial lymphogranuloma (venereum),28,0.00%,
Toxic effect of soaps and detergents,27,0.00%,
Contact with hypodermic needle,27,0.00%,
"Perpetrator of assault, maltreatment and neglect",26,0.00%,
Rheumatic chorea,25,0.00%,
Other specified malaria,24,0.00%,
Intentional self-harm by other specified means,24,0.00%,
Other intellectual disabilities,24,0.00%,
Coalworker's pneumoconiosis,23,0.00%,
Urethral disorders in diseases classified elsewhere,23,0.00%,
Mumps,23,0.00%,
"Other intestinal helminthiases, not elsewhere classified",22,0.00%,
Disorders of male genital organs in diseases classified elsewhere,22,0.00%,
Contact with other and unspecified machinery,22,0.00%,
Other disorders of blood and blood-forming organs in diseases classified elsewhere,21,0.00%,
Acc disch and malfunct from oth and unsp firearms and guns,21,0.00%,
Toxic effect of noxious substances eaten as seafood,20,0.00%,
Fall from bed,20,0.00%,
Pedestrian conveyance accident,20,0.00%,
Newborn affected by intrauterine (fetal) blood loss,19,0.00%,
Unspecified pneumoconiosis,19,0.00%,
Contact with nonpowered hand tool,18,0.00%,
Hookworm diseases,18,0.00%,
Other rickettsioses,18,0.00%,
Tularemia,18,0.00%,
Spotted fever [tick-borne rickettsioses],18,0.00%,
Bladder disorders in diseases classified elsewhere,17,0.00%,
Other birth injuries to central nervous system,17,0.00%,
Fall from chair,17,0.00%,
"Disorders of gallbladder, biliary tract and pancreas in diseases classified elsewhere",16,0.00%,
Neonatal jaundice due to other excessive hemolysis,16,0.00%,
Nerve root and plexus compressions in diseases classified elsewhere,15,0.00%,
Unspecified transport accident,15,0.00%,
Oth disord of mid ear and mastoid in diseases classd elswhr,13,0.00%,
Oth fall on same level due to collision with another person,13,0.00%,
Stillbirth,13,0.00%,
Chromomycosis and pheomycotic abscess,13,0.00%,
Rabies,13,0.00%,
Complications of anesthesia during pregnancy,12,0.00%,
Onchocerciasis,12,0.00%,
Plague,12,0.00%,
Trichuriasis,12,0.00%,
Dietary selenium deficiency,12,0.00%,
Meningitis in bacterial diseases classified elsewhere,12,0.00%,
Fall from wheelchr/nonmotor scoot Fall from non-moving,12,0.00%,
Contact with oth powered hand tools and household machinery,12,0.00%,
Striking against or struck by other objects,12,0.00%,
Typhus fever,11,0.00%,
Toxic effect of halogen derivatives of aromat hydrocrb Toxic,11,0.00%,
Fall from other furniture,11,0.00%,
"Other and unspecified firearm discharge, undetermined intent",10,0.00%,
Airway disease due to specific organic dust,10,0.00%,
Niacin deficiency [pellagra],10,0.00%,
Chancroid,10,0.00%,
Rat-bite fevers,9,0.00%,
Intracranial laceration and hemorrhage due to birth injury,9,0.00%,
"Occupant of 3-whl mv injured pick-up truck, pk-up/van Occupant of three-wheeled",9,0.00%,
Mosquito-borne viral encephalitis,9,0.00%,
Plasmodium malariae malaria,8,0.00%,
Crushing injury of neck,8,0.00%,
Assault by other and unspecified firearm and gun discharge,8,0.00%,
"Other viral hemorrhagic fevers, not elsewhere classified",8,0.00%,
"Fall from, out of or through building or structure",8,0.00%,
Umbilical hemorrhage of newborn,8,0.00%,
Sporotrichosis,8,0.00%,
Disorders of esophagus in diseases classified elsewhere,8,0.00%,
Exposure to other forces of nature,7,0.00%,
Fall on and from playground equipment,7,0.00%,
Contact with hot tap-water,6,0.00%,
Intraoperative complications of endocrine system,6,0.00%,
Marasmic kwashiorkor,6,0.00%,
Disorders of muscle in diseases classified elsewhere,6,0.00%,
"Acc hit, strk, kick, twist, bite or scratch by another prsn",6,0.00%,
Erysipeloid,6,0.00%,
Retarded development following protein-calorie malnutrition,6,0.00%,
Unspecified protozoal disease,5,0.00%,
Anthrax,5,0.00%,
Extrapyramidal and movement disorders in diseases classified elsewhere,5,0.00%,
Nail disorders in diseases classified elsewhere,5,0.00%,
Measles,5,0.00%,
Trichinellosis,5,0.00%,
Other heart disorders in diseases classified elsewhere,5,0.00%,
Exposure to ignition of highly flammable material,5,0.00%,
"Oth injury due to acc on board wtrcrft, w/o acc to wtrcrft",4,0.00%,
Nontraf of spcf type but victim's mode of transport unknown Nontraffic,4,0.00%,
Diphyllobothriasis and sparganosis,4,0.00%,
Exposure to ionizing radiation,4,0.00%,
Nonvenereal syphilis,4,0.00%,
Hydrops fetalis due to hemolytic disease,4,0.00%,
Other misadventures during surgical and medical care,4,0.00%,
Other specified transport accidents,4,0.00%,
"Contact with sharp object, undetermined intent",4,0.00%,
Unspecified viral hemorrhagic fever,3,0.00%,
Operations of war,3,0.00%,
Other disorders of ear in diseases classified elsewhere,3,0.00%,
Assault by handgun discharge,3,0.00%,
"Exposure to controlled fire, not in building or structure",3,0.00%,
Hemorrhagic disease of newborn,3,0.00%,
Other and unspecified water transport accidents,3,0.00%,
Exposure to other animate mechanical forces,3,0.00%,
Cardiovascular devices associated with adverse incidents,3,0.00%,
Female pelvic inflammatory disorders in diseases classified elsewhere,3,0.00%,
Ophthalmic devices associated with adverse incidents,2,0.00%,
Contact with hot household appliances,2,0.00%,
Exposure to other specified electric current,2,0.00%,
Disorders of peritoneum in infectious diseases classified elsewhere,2,0.00%,
Reactions and intoxications due to drugs administered to NB,2,0.00%,
Exposure to excessive natural cold,2,0.00%,
"Contact w lifting and transmission devices, NEC Contact",2,0.00%,
Yellow fever,2,0.00%,
Dracunculiasis,2,0.00%,
Occupant of 3-whl mv injured in collision w 2/3-whl mv Occupant of,2,0.00%,
African trypanosomiasis,2,0.00%,
Obstetrical tetanus,2,0.00%,
Exposure to controlled fire in building or structure,2,0.00%,
Accidental handgun discharge and malfunction,2,0.00%,
Dengue hemorrhagic fever,2,0.00%,
Exposure to uncontrolled fire in building or structure,2,0.00%,
Calculus of urinary tract in diseases classified elsewhere,2,0.00%,
Exposure to other nonionizing radiation,2,0.00%,
"Contact with hot heating appliances, radiators and pipes",2,0.00%,
Vertiginous syndromes in diseases classified elsewhere,2,0.00%,
Exposure to other inanimate mechanical forces,2,0.00%,
Fall on and from scaffolding,2,0.00%,
Bullous disorders in diseases classified elsewhere,2,0.00%,
Assault by crashing of motor vehicle,2,0.00%,
Keratoderma in diseases classified elsewhere,2,0.00%,
"Other arthropod-borne viral fevers, not elsewhere classified",1,0.00%,
Exposure to excessive natural heat,1,0.00%,
"Crushed, pushed or stepped on by crowd or human stampede",1,0.00%,
"Fall, jump or diving into water",1,0.00%,
Contact with powered lawn mower,1,0.00%,
Explosion and rupture of boiler,1,0.00%,
Exposure to ignition or melting of oth clothing and apparel,1,0.00%,
Occupant of 3-whl mv injured in collision w statnry object Occupant of,1,0.00%,
Assault by pushing from high place,1,0.00%,
"Contact with hot engines, machinery and tools",1,0.00%,
Accidental drowning and submersion while in natural water,1,0.00%,
Explosion and rupture of other specified pressurized devices,1,0.00%,
Toxic effect of aflatoxin and oth mycotoxin food contamnt,1,0.00%,
Occupant of 3-whl mv injured in collision w pedal cycle Occupant,1,0.00%,
"Contact with hot drinks, food, fats and cooking oils",1,0.00%,
"Self-harm by rifle, shotgun and larger firearm discharge Intentional",1,0.00%,
Arenaviral hemorrhagic fever,1,0.00%,
Contact with agricultural machinery,1,0.00%,
"Intentional self-harm by smoke, fire and flames",1,0.00%,
Other specified air transport accidents,1,0.00%,
Disorders of iris and ciliary body in diseases classified elsewhere,1,0.00%,
Kernicterus,1,0.00%,
"Handgun discharge, undetermined intent",1,0.00%,
"Contact w steam, hot vapors and hot objects, undet intent",1,0.00%,
Occupant of 3-whl mv injured in oth and unsp transport acc Occupant,1,0.00%,
Explosion of other materials,1,0.00%,